date,name,beer,saleType,purchase,purchaseCount
2019-01-01,Dave,Cucumber Lime Gose,bottles or cans,13,13
2019-01-01,Sam,Cucumber Lime Gose,draught,13,26
2019-01-01,Dave,Bliss Wheat,bottles or cans,12,38
2019-01-01,Sam,Cucumber Lime Gose,draught,13,51
2019-01-01,Melissa,Arbor Cheery Cider,bottles or cans,8,59
2019-01-01,Sam,Kick Out The Jam,draught,7,66
2019-01-01,Gabriela,Bliss Wheat,draught,12,78
2019-01-01,Sam,Barrel Aged EIK ZON IPA,bottles or cans,6,84
2019-01-01,Sam,Barrel Aged EIK ZON IPA,draught,6,90
2019-01-01,Sam,Euchre Pilsner,bottles or cans,13,103
2019-01-02,Stacy,Cucumber Lime Gose,draught,13,116
2019-01-02,Stacy,Framboozled,draught,11,127
2019-01-02,Sam,Buzzsaw American IPA,draught,13,140
2019-01-02,Stacy,Kick Out The Jam,draught,7,147
2019-01-02,Gabriela,Barrel Aged EIK ZON IPA,draught,6,153
2019-01-02,Stacy,Bollywood Blonde,draught,10,163
2019-01-02,Stacy,Barrel Aged EIK ZON IPA,bottles or cans,6,169
2019-01-02,Melissa,Bliss Wheat,draught,12,181
2019-01-02,Dave,Euchre Pilsner,bottles or cans,13,194
2019-01-03,Sam,10 BLINKS Cheery Saison,bottles or cans,11,205
2019-01-03,Stacy,Buzzsaw American IPA,bottles or cans,13,218
2019-01-03,Melissa,Cucumber Lime Gose,bottles or cans,13,231
2019-01-03,Gabriela,10 BLINKS Cheery Saison,bottles or cans,11,242
2019-01-03,Stacy,Cucumber Lime Gose,draught,13,255
2019-01-03,Melissa,Bollywood Blonde,bottles or cans,10,265
2019-01-04,Melissa,Barrel Aged EIK ZON IPA,draught,6,271
2019-01-04,Dave,Bliss Wheat,bottles or cans,12,283
2019-01-04,Stacy,Cucumber Lime Gose,draught,13,296
2019-01-04,Melissa,Cucumber Lime Gose,draught,13,309
2019-01-04,Gabriela,Buzzsaw American IPA,draught,13,322
2019-01-04,Dave,Framboozled,draught,11,333
2019-01-04,Melissa,Bliss Wheat,bottles or cans,12,345
2019-01-04,Melissa,Euchre Pilsner,bottles or cans,13,358
2019-01-05,Sam,Framboozled,draught,11,369
2019-01-05,Gabriela,Framboozled,bottles or cans,11,380
2019-01-05,Melissa,Buzzsaw American IPA,draught,13,393
2019-01-05,Gabriela,Bollywood Blonde,bottles or cans,10,403
2019-01-05,Sam,Bollywood Blonde,bottles or cans,10,413
2019-01-05,Sam,Arbor Cheery Cider,bottles or cans,8,421
2019-01-05,Sam,Barrel Aged EIK ZON IPA,draught,6,427
2019-01-05,Stacy,Kick Out The Jam,bottles or cans,7,434
2019-01-05,Dave,Cucumber Lime Gose,bottles or cans,13,447
2019-01-05,Stacy,Framboozled,draught,11,458
2019-01-05,Stacy,Bliss Wheat,bottles or cans,12,470
2019-01-06,Stacy,Euchre Pilsner,draught,13,483
2019-01-06,Sam,Kick Out The Jam,draught,7,490
2019-01-06,Dave,Buzzsaw American IPA,bottles or cans,13,503
2019-01-06,Gabriela,10 BLINKS Cheery Saison,draught,11,514
2019-01-06,Dave,Euchre Pilsner,bottles or cans,13,527
2019-01-06,Stacy,Kick Out The Jam,draught,7,534
2019-01-06,Gabriela,10 BLINKS Cheery Saison,bottles or cans,11,545
2019-01-06,Sam,Barrel Aged EIK ZON IPA,bottles or cans,6,551
2019-01-06,Dave,10 BLINKS Cheery Saison,bottles or cans,11,562
2019-01-06,Gabriela,Framboozled,bottles or cans,11,573
2019-01-06,Gabriela,Euchre Pilsner,bottles or cans,13,586
2019-01-07,Gabriela,Kick Out The Jam,draught,7,593
2019-01-07,Dave,Euchre Pilsner,bottles or cans,13,606
2019-01-07,Sam,Kick Out The Jam,draught,7,613
2019-01-07,Dave,Framboozled,draught,11,624
2019-01-07,Melissa,Bliss Wheat,draught,12,636
2019-01-07,Melissa,Barrel Aged EIK ZON IPA,draught,6,642
2019-01-07,Gabriela,Euchre Pilsner,bottles or cans,13,655
2019-01-07,Melissa,Euchre Pilsner,bottles or cans,13,668
2019-01-07,Gabriela,Cucumber Lime Gose,bottles or cans,13,681
2019-01-07,Stacy,Bollywood Blonde,bottles or cans,10,691
2019-01-07,Melissa,Buzzsaw American IPA,bottles or cans,13,704
2019-01-08,Melissa,Arbor Cheery Cider,draught,8,712
2019-01-08,Sam,Barrel Aged EIK ZON IPA,draught,6,718
2019-01-08,Stacy,Framboozled,bottles or cans,11,729
2019-01-08,Dave,Kick Out The Jam,bottles or cans,7,736
2019-01-08,Melissa,Kick Out The Jam,draught,7,743
2019-01-08,Stacy,Bollywood Blonde,draught,10,753
2019-01-08,Sam,Arbor Cheery Cider,draught,8,761
2019-01-08,Gabriela,Bollywood Blonde,draught,10,771
2019-01-08,Sam,Bliss Wheat,bottles or cans,12,783
2019-01-08,Sam,Bollywood Blonde,bottles or cans,10,793
2019-01-08,Gabriela,10 BLINKS Cheery Saison,draught,11,804
2019-01-08,Melissa,10 BLINKS Cheery Saison,bottles or cans,11,815
2019-01-08,Gabriela,Kick Out The Jam,bottles or cans,7,822
2019-01-09,Gabriela,Buzzsaw American IPA,bottles or cans,13,835
2019-01-09,Sam,Bollywood Blonde,bottles or cans,10,845
2019-01-09,Sam,Framboozled,draught,11,856
2019-01-09,Melissa,Bollywood Blonde,draught,10,866
2019-01-09,Sam,Bliss Wheat,draught,12,878
2019-01-09,Gabriela,Framboozled,bottles or cans,11,889
2019-01-09,Stacy,Euchre Pilsner,draught,13,902
2019-01-09,Sam,Kick Out The Jam,draught,7,909
2019-01-09,Sam,Framboozled,bottles or cans,11,920
2019-01-09,Sam,Kick Out The Jam,draught,7,927
2019-01-09,Stacy,Buzzsaw American IPA,bottles or cans,13,940
2019-01-09,Stacy,Barrel Aged EIK ZON IPA,draught,6,946
2019-01-10,Dave,Bliss Wheat,bottles or cans,12,958
2019-01-10,Gabriela,Arbor Cheery Cider,draught,8,966
2019-01-10,Melissa,Arbor Cheery Cider,draught,8,974
2019-01-10,Gabriela,Kick Out The Jam,draught,7,981
2019-01-10,Melissa,Buzzsaw American IPA,draught,13,994
2019-01-10,Sam,Cucumber Lime Gose,draught,13,1007
2019-01-10,Sam,Kick Out The Jam,bottles or cans,7,1014
2019-01-10,Gabriela,Bliss Wheat,draught,12,1026
2019-01-10,Gabriela,Cucumber Lime Gose,draught,13,1039
2019-01-10,Stacy,10 BLINKS Cheery Saison,draught,11,1050
2019-01-10,Stacy,Bliss Wheat,bottles or cans,12,1062
2019-01-11,Melissa,Bliss Wheat,bottles or cans,12,1074
2019-01-11,Dave,Kick Out The Jam,bottles or cans,7,1081
2019-01-11,Dave,Bollywood Blonde,draught,10,1091
2019-01-11,Gabriela,Cucumber Lime Gose,draught,13,1104
2019-01-11,Dave,Buzzsaw American IPA,bottles or cans,13,1117
2019-01-11,Stacy,Buzzsaw American IPA,draught,13,1130
2019-01-11,Gabriela,10 BLINKS Cheery Saison,draught,11,1141
2019-01-11,Melissa,Euchre Pilsner,draught,13,1154
2019-01-11,Melissa,Kick Out The Jam,draught,7,1161
2019-01-11,Gabriela,Arbor Cheery Cider,bottles or cans,8,1169
2019-01-11,Dave,Bliss Wheat,bottles or cans,12,1181
2019-01-11,Dave,Cucumber Lime Gose,draught,13,1194
2019-01-11,Sam,Bollywood Blonde,bottles or cans,10,1204
2019-01-11,Gabriela,Barrel Aged EIK ZON IPA,bottles or cans,6,1210
2019-01-12,Melissa,Bollywood Blonde,draught,10,1220
2019-01-12,Sam,Kick Out The Jam,bottles or cans,7,1227
2019-01-12,Dave,Framboozled,draught,11,1238
2019-01-12,Stacy,Kick Out The Jam,draught,7,1245
2019-01-12,Sam,Bliss Wheat,bottles or cans,12,1257
2019-01-12,Gabriela,Cucumber Lime Gose,bottles or cans,13,1270
2019-01-12,Dave,Buzzsaw American IPA,bottles or cans,13,1283
2019-01-12,Sam,Framboozled,bottles or cans,11,1294
2019-01-12,Dave,10 BLINKS Cheery Saison,draught,11,1305
2019-01-12,Gabriela,Arbor Cheery Cider,draught,8,1313
2019-01-13,Melissa,Framboozled,draught,11,1324
2019-01-13,Stacy,Cucumber Lime Gose,draught,13,1337
2019-01-13,Stacy,10 BLINKS Cheery Saison,draught,11,1348
2019-01-13,Stacy,Framboozled,draught,11,1359
2019-01-13,Sam,Euchre Pilsner,bottles or cans,13,1372
2019-01-14,Gabriela,10 BLINKS Cheery Saison,draught,11,1383
2019-01-14,Dave,Euchre Pilsner,draught,13,1396
2019-01-14,Sam,Kick Out The Jam,bottles or cans,7,1403
2019-01-14,Sam,Bollywood Blonde,draught,10,1413
2019-01-14,Dave,Arbor Cheery Cider,bottles or cans,8,1421
2019-01-14,Stacy,Barrel Aged EIK ZON IPA,bottles or cans,6,1427
2019-01-14,Stacy,Bollywood Blonde,draught,10,1437
2019-01-14,Stacy,Arbor Cheery Cider,draught,8,1445
2019-01-14,Gabriela,Framboozled,draught,11,1456
2019-01-14,Dave,Barrel Aged EIK ZON IPA,draught,6,1462
2019-01-14,Melissa,Framboozled,draught,11,1473
2019-01-15,Melissa,Kick Out The Jam,bottles or cans,7,1480
2019-01-15,Dave,Framboozled,bottles or cans,11,1491
2019-01-15,Gabriela,10 BLINKS Cheery Saison,draught,11,1502
2019-01-15,Stacy,Framboozled,bottles or cans,11,1513
2019-01-15,Gabriela,Barrel Aged EIK ZON IPA,bottles or cans,6,1519
2019-01-15,Sam,Buzzsaw American IPA,bottles or cans,13,1532
2019-01-15,Dave,Kick Out The Jam,draught,7,1539
2019-01-16,Dave,Kick Out The Jam,bottles or cans,7,1546
2019-01-16,Dave,Euchre Pilsner,draught,13,1559
2019-01-16,Sam,Arbor Cheery Cider,bottles or cans,8,1567
2019-01-16,Gabriela,Bollywood Blonde,draught,10,1577
2019-01-16,Sam,Buzzsaw American IPA,bottles or cans,13,1590
2019-01-16,Sam,Bliss Wheat,bottles or cans,12,1602
2019-01-16,Dave,Euchre Pilsner,draught,13,1615
2019-01-16,Stacy,Bollywood Blonde,bottles or cans,10,1625
2019-01-16,Dave,10 BLINKS Cheery Saison,draught,11,1636
2019-01-16,Stacy,Framboozled,draught,11,1647
2019-01-16,Stacy,Cucumber Lime Gose,draught,13,1660
2019-01-17,Dave,Bliss Wheat,draught,12,1672
2019-01-17,Dave,Arbor Cheery Cider,draught,8,1680
2019-01-17,Gabriela,Framboozled,bottles or cans,11,1691
2019-01-17,Gabriela,Arbor Cheery Cider,bottles or cans,8,1699
2019-01-17,Gabriela,Bliss Wheat,bottles or cans,12,1711
2019-01-17,Dave,Arbor Cheery Cider,draught,8,1719
2019-01-17,Stacy,Euchre Pilsner,bottles or cans,13,1732
2019-01-17,Melissa,Buzzsaw American IPA,bottles or cans,13,1745
2019-01-17,Dave,10 BLINKS Cheery Saison,draught,11,1756
2019-01-17,Melissa,10 BLINKS Cheery Saison,bottles or cans,11,1767
2019-01-17,Gabriela,Framboozled,draught,11,1778
2019-01-17,Melissa,Arbor Cheery Cider,bottles or cans,8,1786
2019-01-18,Sam,Cucumber Lime Gose,bottles or cans,13,1799
2019-01-18,Stacy,Framboozled,bottles or cans,11,1810
2019-01-18,Stacy,Kick Out The Jam,bottles or cans,7,1817
2019-01-18,Gabriela,Framboozled,bottles or cans,11,1828
2019-01-18,Dave,Buzzsaw American IPA,bottles or cans,13,1841
2019-01-18,Gabriela,Arbor Cheery Cider,draught,8,1849
2019-01-18,Dave,Kick Out The Jam,draught,7,1856
2019-01-18,Melissa,Bollywood Blonde,draught,10,1866
2019-01-18,Gabriela,Euchre Pilsner,bottles or cans,13,1879
2019-01-18,Dave,Cucumber Lime Gose,draught,13,1892
2019-01-18,Stacy,Bliss Wheat,draught,12,1904
2019-01-18,Melissa,Buzzsaw American IPA,draught,13,1917
2019-01-18,Melissa,Euchre Pilsner,bottles or cans,13,1930
2019-01-18,Stacy,Bollywood Blonde,draught,10,1940
2019-01-18,Gabriela,Framboozled,bottles or cans,11,1951
2019-01-19,Sam,Barrel Aged EIK ZON IPA,draught,6,1957
2019-01-19,Sam,Framboozled,draught,11,1968
2019-01-19,Stacy,Barrel Aged EIK ZON IPA,draught,6,1974
2019-01-19,Stacy,Kick Out The Jam,bottles or cans,7,1981
2019-01-19,Melissa,Bollywood Blonde,draught,10,1991
2019-01-19,Sam,Kick Out The Jam,draught,7,1998
2019-01-20,Melissa,Euchre Pilsner,bottles or cans,13,2011
2019-01-20,Sam,10 BLINKS Cheery Saison,bottles or cans,11,2022
2019-01-20,Gabriela,Bollywood Blonde,bottles or cans,10,2032
2019-01-20,Stacy,Kick Out The Jam,draught,7,2039
2019-01-20,Melissa,Euchre Pilsner,bottles or cans,13,2052
2019-01-20,Melissa,Barrel Aged EIK ZON IPA,draught,6,2058
2019-01-20,Gabriela,Bliss Wheat,bottles or cans,12,2070
2019-01-20,Gabriela,Euchre Pilsner,bottles or cans,13,2083
2019-01-20,Stacy,10 BLINKS Cheery Saison,bottles or cans,11,2094
2019-01-20,Gabriela,Cucumber Lime Gose,draught,13,2107
2019-01-20,Stacy,Buzzsaw American IPA,bottles or cans,13,2120
2019-01-20,Stacy,Arbor Cheery Cider,draught,8,2128
2019-01-20,Gabriela,Euchre Pilsner,bottles or cans,13,2141
2019-01-20,Sam,Bliss Wheat,draught,12,2153
2019-01-20,Gabriela,10 BLINKS Cheery Saison,bottles or cans,11,2164
2019-01-20,Stacy,Cucumber Lime Gose,draught,13,2177
2019-01-20,Gabriela,Framboozled,bottles or cans,11,2188
2019-01-21,Gabriela,10 BLINKS Cheery Saison,draught,11,2199
2019-01-21,Sam,Bollywood Blonde,bottles or cans,10,2209
2019-01-21,Sam,Euchre Pilsner,draught,13,2222
2019-01-21,Stacy,Buzzsaw American IPA,draught,13,2235
2019-01-21,Melissa,Barrel Aged EIK ZON IPA,draught,6,2241
2019-01-21,Melissa,Cucumber Lime Gose,bottles or cans,13,2254
2019-01-21,Sam,Bollywood Blonde,draught,10,2264
2019-01-21,Sam,Barrel Aged EIK ZON IPA,bottles or cans,6,2270
2019-01-21,Melissa,Euchre Pilsner,draught,13,2283
2019-01-21,Melissa,Bollywood Blonde,draught,10,2293
2019-01-22,Sam,10 BLINKS Cheery Saison,bottles or cans,11,2304
2019-01-22,Sam,10 BLINKS Cheery Saison,draught,11,2315
2019-01-22,Stacy,Bollywood Blonde,draught,10,2325
2019-01-22,Sam,Cucumber Lime Gose,draught,13,2338
2019-01-22,Gabriela,Kick Out The Jam,draught,7,2345
2019-01-22,Melissa,Barrel Aged EIK ZON IPA,draught,6,2351
2019-01-22,Gabriela,Kick Out The Jam,bottles or cans,7,2358
2019-01-22,Dave,Buzzsaw American IPA,draught,13,2371
2019-01-22,Gabriela,Cucumber Lime Gose,draught,13,2384
2019-01-22,Sam,Framboozled,draught,11,2395
2019-01-22,Stacy,Bliss Wheat,bottles or cans,12,2407
2019-01-22,Dave,Kick Out The Jam,bottles or cans,7,2414
2019-01-22,Sam,Cucumber Lime Gose,bottles or cans,13,2427
2019-01-22,Melissa,Arbor Cheery Cider,bottles or cans,8,2435
2019-01-22,Dave,Bliss Wheat,draught,12,2447
2019-01-23,Melissa,Kick Out The Jam,draught,7,2454
2019-01-23,Stacy,Cucumber Lime Gose,bottles or cans,13,2467
2019-01-23,Melissa,Framboozled,bottles or cans,11,2478
2019-01-23,Gabriela,Barrel Aged EIK ZON IPA,draught,6,2484
2019-01-23,Sam,Euchre Pilsner,draught,13,2497
2019-01-23,Sam,Bollywood Blonde,draught,10,2507
2019-01-23,Stacy,Framboozled,draught,11,2518
2019-01-23,Stacy,Arbor Cheery Cider,bottles or cans,8,2526
2019-01-23,Stacy,Buzzsaw American IPA,draught,13,2539
2019-01-23,Stacy,Bliss Wheat,draught,12,2551
2019-01-23,Sam,Cucumber Lime Gose,draught,13,2564
2019-01-23,Sam,Bollywood Blonde,draught,10,2574
2019-01-23,Sam,Kick Out The Jam,bottles or cans,7,2581
2019-01-23,Dave,Kick Out The Jam,draught,7,2588
2019-01-24,Melissa,Buzzsaw American IPA,bottles or cans,13,2601
2019-01-24,Gabriela,Bollywood Blonde,draught,10,2611
2019-01-24,Stacy,Bliss Wheat,draught,12,2623
2019-01-24,Gabriela,Buzzsaw American IPA,bottles or cans,13,2636
2019-01-24,Melissa,Arbor Cheery Cider,draught,8,2644
2019-01-24,Melissa,Barrel Aged EIK ZON IPA,bottles or cans,6,2650
2019-01-24,Stacy,Buzzsaw American IPA,draught,13,2663
2019-01-24,Sam,Framboozled,draught,11,2674
2019-01-24,Sam,Bollywood Blonde,draught,10,2684
2019-01-24,Dave,Buzzsaw American IPA,draught,13,2697
2019-01-24,Dave,Barrel Aged EIK ZON IPA,draught,6,2703
2019-01-24,Dave,Buzzsaw American IPA,bottles or cans,13,2716
2019-01-24,Gabriela,Buzzsaw American IPA,bottles or cans,13,2729
2019-01-24,Melissa,Cucumber Lime Gose,draught,13,2742
2019-01-25,Sam,Euchre Pilsner,bottles or cans,13,2755
2019-01-25,Sam,Bliss Wheat,bottles or cans,12,2767
2019-01-25,Sam,Cucumber Lime Gose,bottles or cans,13,2780
2019-01-25,Sam,Bliss Wheat,bottles or cans,12,2792
2019-01-25,Sam,10 BLINKS Cheery Saison,draught,11,2803
2019-01-25,Dave,Arbor Cheery Cider,draught,8,2811
2019-01-25,Melissa,Kick Out The Jam,bottles or cans,7,2818
2019-01-25,Stacy,Euchre Pilsner,bottles or cans,13,2831
2019-01-25,Sam,Bollywood Blonde,draught,10,2841
2019-01-25,Melissa,Euchre Pilsner,bottles or cans,13,2854
2019-01-26,Dave,Arbor Cheery Cider,draught,8,2862
2019-01-26,Gabriela,Buzzsaw American IPA,draught,13,2875
2019-01-26,Melissa,Euchre Pilsner,draught,13,2888
2019-01-26,Dave,Barrel Aged EIK ZON IPA,bottles or cans,6,2894
2019-01-26,Melissa,Euchre Pilsner,bottles or cans,13,2907
2019-01-26,Sam,Euchre Pilsner,draught,13,2920
2019-01-26,Gabriela,10 BLINKS Cheery Saison,bottles or cans,11,2931
2019-01-26,Dave,Euchre Pilsner,bottles or cans,13,2944
2019-01-26,Dave,Bliss Wheat,draught,12,2956
2019-01-26,Gabriela,10 BLINKS Cheery Saison,bottles or cans,11,2967
2019-01-26,Stacy,Bliss Wheat,bottles or cans,12,2979
2019-01-26,Stacy,Arbor Cheery Cider,draught,8,2987
2019-01-26,Dave,Bliss Wheat,draught,12,2999
2019-01-26,Dave,10 BLINKS Cheery Saison,draught,11,3010
2019-01-26,Dave,Bollywood Blonde,draught,10,3020
2019-01-26,Melissa,Buzzsaw American IPA,bottles or cans,13,3033
2019-01-26,Sam,Bollywood Blonde,draught,10,3043
2019-01-26,Sam,Kick Out The Jam,draught,7,3050
2019-01-27,Melissa,Barrel Aged EIK ZON IPA,bottles or cans,6,3056
2019-01-27,Stacy,Buzzsaw American IPA,draught,13,3069
2019-01-27,Dave,Kick Out The Jam,bottles or cans,7,3076
2019-01-27,Sam,Framboozled,draught,11,3087
2019-01-27,Gabriela,Euchre Pilsner,draught,13,3100
2019-01-27,Sam,Arbor Cheery Cider,draught,8,3108
2019-01-27,Dave,Euchre Pilsner,draught,13,3121
2019-01-28,Melissa,10 BLINKS Cheery Saison,bottles or cans,11,3132
2019-01-28,Dave,Bliss Wheat,draught,12,3144
2019-01-28,Gabriela,Kick Out The Jam,draught,7,3151
2019-01-28,Melissa,10 BLINKS Cheery Saison,draught,11,3162
2019-01-28,Sam,Kick Out The Jam,bottles or cans,7,3169
2019-01-28,Dave,Bliss Wheat,draught,12,3181
2019-01-28,Sam,Euchre Pilsner,draught,13,3194
2019-01-28,Sam,Buzzsaw American IPA,bottles or cans,13,3207
2019-01-28,Sam,Cucumber Lime Gose,bottles or cans,13,3220
2019-01-28,Dave,Arbor Cheery Cider,bottles or cans,8,3228
2019-01-28,Stacy,Kick Out The Jam,draught,7,3235
2019-01-29,Melissa,10 BLINKS Cheery Saison,draught,11,3246
2019-01-29,Dave,Kick Out The Jam,draught,7,3253
2019-01-29,Sam,Arbor Cheery Cider,draught,8,3261
2019-01-29,Dave,Bollywood Blonde,draught,10,3271
2019-01-29,Dave,Arbor Cheery Cider,bottles or cans,8,3279
2019-01-29,Sam,Barrel Aged EIK ZON IPA,draught,6,3285
2019-01-29,Stacy,Framboozled,bottles or cans,11,3296
2019-01-29,Gabriela,Bollywood Blonde,bottles or cans,10,3306
2019-01-30,Gabriela,Euchre Pilsner,bottles or cans,13,3319
2019-01-30,Dave,Euchre Pilsner,draught,13,3332
2019-01-30,Gabriela,Kick Out The Jam,draught,7,3339
2019-01-30,Melissa,Cucumber Lime Gose,bottles or cans,13,3352
2019-01-30,Dave,Cucumber Lime Gose,draught,13,3365
2019-01-30,Sam,10 BLINKS Cheery Saison,draught,11,3376
2019-01-30,Dave,Buzzsaw American IPA,bottles or cans,13,3389
2019-01-30,Melissa,10 BLINKS Cheery Saison,bottles or cans,11,3400
2019-01-30,Melissa,10 BLINKS Cheery Saison,bottles or cans,11,3411
2019-01-30,Sam,Bollywood Blonde,bottles or cans,10,3421
2019-01-30,Dave,Barrel Aged EIK ZON IPA,bottles or cans,6,3427
2019-01-30,Gabriela,Barrel Aged EIK ZON IPA,draught,6,3433
2019-01-30,Dave,Euchre Pilsner,draught,13,3446
2019-01-31,Stacy,Cucumber Lime Gose,draught,13,3459
2019-01-31,Stacy,Cucumber Lime Gose,bottles or cans,13,3472
2019-01-31,Stacy,Buzzsaw American IPA,bottles or cans,13,3485
2019-01-31,Melissa,Bollywood Blonde,draught,10,3495
2019-01-31,Dave,Buzzsaw American IPA,draught,13,3508
2019-01-31,Gabriela,Euchre Pilsner,bottles or cans,13,3521
2019-01-31,Gabriela,Arbor Cheery Cider,bottles or cans,8,3529
2019-01-31,Gabriela,Euchre Pilsner,draught,13,3542
2019-01-31,Melissa,10 BLINKS Cheery Saison,draught,11,3553
2019-01-31,Stacy,Buzzsaw American IPA,bottles or cans,13,3566
2019-01-31,Sam,Bollywood Blonde,bottles or cans,10,3576
2019-02-01,Sam,Framboozled,draught,11,3587
2019-02-01,Sam,Cucumber Lime Gose,bottles or cans,13,3600
2019-02-01,Dave,Arbor Cheery Cider,draught,8,3608
2019-02-01,Sam,Framboozled,draught,11,3619
2019-02-01,Stacy,Arbor Cheery Cider,draught,8,3627
2019-02-01,Dave,Arbor Cheery Cider,bottles or cans,8,3635
2019-02-01,Gabriela,Arbor Cheery Cider,bottles or cans,8,3643
2019-02-01,Gabriela,Bliss Wheat,bottles or cans,12,3655
2019-02-01,Stacy,Bollywood Blonde,draught,10,3665
2019-02-01,Stacy,Kick Out The Jam,draught,7,3672
2019-02-01,Stacy,Bollywood Blonde,bottles or cans,10,3682
2019-02-01,Melissa,Barrel Aged EIK ZON IPA,bottles or cans,6,3688
2019-02-01,Stacy,Kick Out The Jam,bottles or cans,7,3695
2019-02-01,Sam,Kick Out The Jam,draught,7,3702
2019-02-01,Gabriela,Buzzsaw American IPA,draught,13,3715
2019-02-02,Gabriela,Bliss Wheat,draught,12,3727
2019-02-02,Dave,Bollywood Blonde,bottles or cans,10,3737
2019-02-02,Gabriela,Euchre Pilsner,bottles or cans,13,3750
2019-02-02,Stacy,Euchre Pilsner,draught,13,3763
2019-02-02,Sam,Bliss Wheat,draught,12,3775
2019-02-02,Melissa,Framboozled,bottles or cans,11,3786
2019-02-02,Sam,Euchre Pilsner,bottles or cans,13,3799
2019-02-02,Sam,Arbor Cheery Cider,draught,8,3807
2019-02-02,Melissa,Bliss Wheat,bottles or cans,12,3819
2019-02-03,Gabriela,10 BLINKS Cheery Saison,bottles or cans,11,3830
2019-02-03,Stacy,Euchre Pilsner,bottles or cans,13,3843
2019-02-03,Melissa,Cucumber Lime Gose,draught,13,3856
2019-02-03,Melissa,Framboozled,bottles or cans,11,3867
2019-02-03,Gabriela,Barrel Aged EIK ZON IPA,bottles or cans,6,3873
2019-02-03,Stacy,Barrel Aged EIK ZON IPA,draught,6,3879
2019-02-03,Gabriela,Bliss Wheat,draught,12,3891
2019-02-03,Dave,Euchre Pilsner,draught,13,3904
2019-02-03,Gabriela,Barrel Aged EIK ZON IPA,draught,6,3910
2019-02-03,Stacy,Barrel Aged EIK ZON IPA,bottles or cans,6,3916
2019-02-03,Gabriela,Arbor Cheery Cider,bottles or cans,8,3924
2019-02-03,Sam,Arbor Cheery Cider,draught,8,3932
2019-02-03,Melissa,10 BLINKS Cheery Saison,draught,11,3943
2019-02-03,Gabriela,Bliss Wheat,bottles or cans,12,3955
2019-02-03,Melissa,Arbor Cheery Cider,bottles or cans,8,3963
2019-02-04,Sam,Bliss Wheat,draught,12,3975
2019-02-04,Stacy,Buzzsaw American IPA,draught,13,3988
2019-02-04,Gabriela,Bliss Wheat,draught,12,4000
2019-02-04,Sam,Buzzsaw American IPA,bottles or cans,13,4013
2019-02-04,Dave,Bliss Wheat,draught,12,4025
2019-02-04,Dave,Barrel Aged EIK ZON IPA,bottles or cans,6,4031
2019-02-05,Dave,Buzzsaw American IPA,draught,13,4044
2019-02-05,Stacy,Barrel Aged EIK ZON IPA,bottles or cans,6,4050
2019-02-05,Sam,Bollywood Blonde,bottles or cans,10,4060
2019-02-05,Sam,10 BLINKS Cheery Saison,draught,11,4071
2019-02-05,Sam,Arbor Cheery Cider,bottles or cans,8,4079
2019-02-05,Melissa,Framboozled,bottles or cans,11,4090
2019-02-05,Stacy,Framboozled,draught,11,4101
2019-02-05,Melissa,Kick Out The Jam,draught,7,4108
2019-02-06,Melissa,Cucumber Lime Gose,bottles or cans,13,4121
2019-02-06,Stacy,Cucumber Lime Gose,bottles or cans,13,4134
2019-02-06,Stacy,Bollywood Blonde,bottles or cans,10,4144
2019-02-06,Dave,Barrel Aged EIK ZON IPA,draught,6,4150
2019-02-06,Gabriela,Cucumber Lime Gose,draught,13,4163
2019-02-06,Stacy,10 BLINKS Cheery Saison,bottles or cans,11,4174
2019-02-06,Gabriela,Bliss Wheat,bottles or cans,12,4186
2019-02-06,Melissa,Framboozled,draught,11,4197
2019-02-06,Stacy,Cucumber Lime Gose,bottles or cans,13,4210
2019-02-06,Melissa,Arbor Cheery Cider,bottles or cans,8,4218
2019-02-06,Melissa,Kick Out The Jam,draught,7,4225
2019-02-06,Gabriela,Buzzsaw American IPA,draught,13,4238
2019-02-06,Stacy,Euchre Pilsner,draught,13,4251
2019-02-06,Sam,Cucumber Lime Gose,bottles or cans,13,4264
2019-02-07,Dave,Framboozled,bottles or cans,11,4275
2019-02-07,Melissa,10 BLINKS Cheery Saison,bottles or cans,11,4286
2019-02-07,Stacy,Bliss Wheat,bottles or cans,12,4298
2019-02-07,Dave,Buzzsaw American IPA,draught,13,4311
2019-02-07,Melissa,Bollywood Blonde,draught,10,4321
2019-02-07,Melissa,Framboozled,bottles or cans,11,4332
2019-02-07,Gabriela,Bollywood Blonde,bottles or cans,10,4342
2019-02-07,Stacy,Bollywood Blonde,bottles or cans,10,4352
2019-02-07,Melissa,Euchre Pilsner,bottles or cans,13,4365
2019-02-08,Dave,Bliss Wheat,draught,12,4377
2019-02-08,Gabriela,Cucumber Lime Gose,bottles or cans,13,4390
2019-02-08,Stacy,Kick Out The Jam,draught,7,4397
2019-02-08,Melissa,Cucumber Lime Gose,bottles or cans,13,4410
2019-02-08,Melissa,Arbor Cheery Cider,draught,8,4418
2019-02-08,Melissa,Bollywood Blonde,draught,10,4428
2019-02-08,Dave,Barrel Aged EIK ZON IPA,draught,6,4434
2019-02-08,Sam,Bliss Wheat,draught,12,4446
2019-02-08,Gabriela,Cucumber Lime Gose,draught,13,4459
2019-02-09,Gabriela,Kick Out The Jam,bottles or cans,7,4466
2019-02-09,Dave,Bollywood Blonde,draught,10,4476
2019-02-09,Melissa,Framboozled,draught,11,4487
2019-02-09,Melissa,Bliss Wheat,bottles or cans,12,4499
2019-02-09,Gabriela,Barrel Aged EIK ZON IPA,draught,6,4505
2019-02-09,Gabriela,Bollywood Blonde,draught,10,4515
2019-02-09,Dave,Bliss Wheat,bottles or cans,12,4527
2019-02-09,Stacy,Kick Out The Jam,bottles or cans,7,4534
2019-02-09,Dave,Euchre Pilsner,draught,13,4547
2019-02-09,Gabriela,Bliss Wheat,draught,12,4559
2019-02-09,Sam,Kick Out The Jam,bottles or cans,7,4566
2019-02-09,Stacy,Kick Out The Jam,draught,7,4573
2019-02-09,Gabriela,Framboozled,bottles or cans,11,4584
2019-02-10,Stacy,Buzzsaw American IPA,draught,13,4597
2019-02-10,Dave,Buzzsaw American IPA,bottles or cans,13,4610
2019-02-10,Sam,Euchre Pilsner,bottles or cans,13,4623
2019-02-10,Sam,Cucumber Lime Gose,bottles or cans,13,4636
2019-02-10,Sam,Cucumber Lime Gose,draught,13,4649
2019-02-10,Stacy,Cucumber Lime Gose,draught,13,4662
2019-02-10,Stacy,Framboozled,draught,11,4673
2019-02-10,Dave,Bollywood Blonde,draught,10,4683
2019-02-10,Dave,Bliss Wheat,bottles or cans,12,4695
2019-02-10,Gabriela,Framboozled,draught,11,4706
2019-02-10,Sam,Barrel Aged EIK ZON IPA,draught,6,4712
2019-02-10,Melissa,Barrel Aged EIK ZON IPA,bottles or cans,6,4718
2019-02-10,Melissa,Bliss Wheat,draught,12,4730
2019-02-10,Dave,Kick Out The Jam,draught,7,4737
2019-02-10,Dave,Arbor Cheery Cider,draught,8,4745
2019-02-10,Stacy,Framboozled,draught,11,4756
2019-02-10,Dave,Cucumber Lime Gose,bottles or cans,13,4769
2019-02-11,Melissa,Bliss Wheat,draught,12,4781
2019-02-11,Melissa,Kick Out The Jam,bottles or cans,7,4788
2019-02-11,Gabriela,Bliss Wheat,draught,12,4800
2019-02-11,Gabriela,Buzzsaw American IPA,draught,13,4813
2019-02-11,Dave,Buzzsaw American IPA,bottles or cans,13,4826
2019-02-11,Stacy,Cucumber Lime Gose,bottles or cans,13,4839
2019-02-11,Sam,Euchre Pilsner,bottles or cans,13,4852
2019-02-11,Gabriela,Kick Out The Jam,draught,7,4859
2019-02-11,Melissa,Framboozled,draught,11,4870
2019-02-11,Stacy,Euchre Pilsner,draught,13,4883
2019-02-11,Stacy,Bliss Wheat,bottles or cans,12,4895
2019-02-12,Dave,Euchre Pilsner,bottles or cans,13,4908
2019-02-12,Gabriela,10 BLINKS Cheery Saison,bottles or cans,11,4919
2019-02-12,Gabriela,Kick Out The Jam,bottles or cans,7,4926
2019-02-12,Gabriela,Euchre Pilsner,bottles or cans,13,4939
2019-02-12,Stacy,Cucumber Lime Gose,bottles or cans,13,4952
2019-02-12,Gabriela,Buzzsaw American IPA,draught,13,4965
2019-02-12,Melissa,Barrel Aged EIK ZON IPA,bottles or cans,6,4971
2019-02-12,Gabriela,10 BLINKS Cheery Saison,bottles or cans,11,4982
2019-02-12,Sam,Bliss Wheat,bottles or cans,12,4994
2019-02-12,Stacy,Arbor Cheery Cider,draught,8,5002
2019-02-12,Stacy,Cucumber Lime Gose,bottles or cans,13,5015
2019-02-13,Stacy,Kick Out The Jam,bottles or cans,7,5022
2019-02-13,Stacy,Arbor Cheery Cider,draught,8,5030
2019-02-13,Melissa,Bollywood Blonde,draught,10,5040
2019-02-13,Melissa,Arbor Cheery Cider,draught,8,5048
2019-02-13,Gabriela,Bliss Wheat,bottles or cans,12,5060
2019-02-13,Gabriela,Arbor Cheery Cider,draught,8,5068
2019-02-13,Sam,Bliss Wheat,bottles or cans,12,5080
2019-02-13,Gabriela,Cucumber Lime Gose,draught,13,5093
2019-02-14,Dave,Framboozled,bottles or cans,11,5104
2019-02-14,Gabriela,Euchre Pilsner,bottles or cans,13,5117
2019-02-14,Gabriela,Cucumber Lime Gose,bottles or cans,13,5130
2019-02-14,Gabriela,Cucumber Lime Gose,draught,13,5143
2019-02-14,Melissa,Barrel Aged EIK ZON IPA,draught,6,5149
2019-02-14,Stacy,Framboozled,draught,11,5160
2019-02-14,Stacy,Buzzsaw American IPA,bottles or cans,13,5173
2019-02-14,Dave,Bollywood Blonde,draught,10,5183
2019-02-14,Stacy,Cucumber Lime Gose,bottles or cans,13,5196
2019-02-15,Dave,Bliss Wheat,bottles or cans,12,5208
2019-02-15,Melissa,Barrel Aged EIK ZON IPA,bottles or cans,6,5214
2019-02-15,Dave,Euchre Pilsner,draught,13,5227
2019-02-15,Melissa,Buzzsaw American IPA,bottles or cans,13,5240
2019-02-15,Sam,Euchre Pilsner,bottles or cans,13,5253
2019-02-15,Melissa,10 BLINKS Cheery Saison,draught,11,5264
2019-02-15,Dave,Kick Out The Jam,bottles or cans,7,5271
2019-02-15,Dave,Bollywood Blonde,bottles or cans,10,5281
2019-02-15,Sam,Euchre Pilsner,bottles or cans,13,5294
2019-02-16,Melissa,10 BLINKS Cheery Saison,draught,11,5305
2019-02-16,Melissa,Arbor Cheery Cider,draught,8,5313
2019-02-16,Melissa,Bollywood Blonde,draught,10,5323
2019-02-16,Stacy,Barrel Aged EIK ZON IPA,draught,6,5329
2019-02-16,Sam,Barrel Aged EIK ZON IPA,draught,6,5335
2019-02-16,Gabriela,Buzzsaw American IPA,draught,13,5348
2019-02-16,Stacy,Barrel Aged EIK ZON IPA,bottles or cans,6,5354
2019-02-16,Gabriela,Kick Out The Jam,bottles or cans,7,5361
2019-02-16,Dave,Euchre Pilsner,bottles or cans,13,5374
2019-02-17,Sam,Arbor Cheery Cider,bottles or cans,8,5382
2019-02-17,Sam,Framboozled,draught,11,5393
2019-02-17,Dave,Cucumber Lime Gose,bottles or cans,13,5406
2019-02-17,Gabriela,10 BLINKS Cheery Saison,draught,11,5417
2019-02-17,Dave,Barrel Aged EIK ZON IPA,draught,6,5423
2019-02-17,Gabriela,Euchre Pilsner,bottles or cans,13,5436
2019-02-17,Sam,Framboozled,draught,11,5447
2019-02-17,Melissa,Framboozled,bottles or cans,11,5458
2019-02-17,Stacy,Kick Out The Jam,bottles or cans,7,5465
2019-02-18,Sam,Kick Out The Jam,draught,7,5472
2019-02-18,Gabriela,Framboozled,bottles or cans,11,5483
2019-02-18,Sam,Buzzsaw American IPA,draught,13,5496
2019-02-18,Stacy,Cucumber Lime Gose,draught,13,5509
2019-02-18,Sam,Arbor Cheery Cider,draught,8,5517
2019-02-18,Gabriela,Bliss Wheat,bottles or cans,12,5529
2019-02-18,Sam,Kick Out The Jam,bottles or cans,7,5536
2019-02-18,Melissa,Kick Out The Jam,bottles or cans,7,5543
2019-02-18,Stacy,Barrel Aged EIK ZON IPA,bottles or cans,6,5549
2019-02-18,Stacy,Arbor Cheery Cider,bottles or cans,8,5557
2019-02-18,Melissa,Arbor Cheery Cider,draught,8,5565
2019-02-18,Dave,Arbor Cheery Cider,draught,8,5573
2019-02-18,Melissa,Buzzsaw American IPA,draught,13,5586
2019-02-18,Gabriela,Bollywood Blonde,draught,10,5596
2019-02-18,Melissa,10 BLINKS Cheery Saison,draught,11,5607
2019-02-18,Sam,Bliss Wheat,bottles or cans,12,5619
2019-02-19,Sam,Buzzsaw American IPA,bottles or cans,13,5632
2019-02-19,Stacy,Euchre Pilsner,bottles or cans,13,5645
2019-02-19,Stacy,Cucumber Lime Gose,draught,13,5658
2019-02-19,Melissa,Arbor Cheery Cider,draught,8,5666
2019-02-20,Stacy,Cucumber Lime Gose,bottles or cans,13,5679
2019-02-20,Gabriela,Barrel Aged EIK ZON IPA,draught,6,5685
2019-02-20,Stacy,Kick Out The Jam,bottles or cans,7,5692
2019-02-20,Sam,Barrel Aged EIK ZON IPA,bottles or cans,6,5698
2019-02-20,Melissa,Bollywood Blonde,bottles or cans,10,5708
2019-02-20,Sam,Buzzsaw American IPA,draught,13,5721
2019-02-20,Dave,Bliss Wheat,draught,12,5733
2019-02-20,Gabriela,Framboozled,draught,11,5744
2019-02-20,Sam,Buzzsaw American IPA,draught,13,5757
2019-02-20,Melissa,Barrel Aged EIK ZON IPA,bottles or cans,6,5763
2019-02-21,Gabriela,Arbor Cheery Cider,draught,8,5771
2019-02-21,Gabriela,Arbor Cheery Cider,bottles or cans,8,5779
2019-02-21,Gabriela,Bollywood Blonde,draught,10,5789
2019-02-21,Gabriela,Kick Out The Jam,draught,7,5796
2019-02-21,Stacy,Euchre Pilsner,bottles or cans,13,5809
2019-02-21,Gabriela,Bliss Wheat,bottles or cans,12,5821
2019-02-21,Sam,Kick Out The Jam,draught,7,5828
2019-02-22,Dave,Framboozled,bottles or cans,11,5839
2019-02-22,Melissa,Barrel Aged EIK ZON IPA,bottles or cans,6,5845
2019-02-22,Sam,Barrel Aged EIK ZON IPA,draught,6,5851
2019-02-22,Stacy,10 BLINKS Cheery Saison,draught,11,5862
2019-02-22,Dave,Arbor Cheery Cider,bottles or cans,8,5870
2019-02-22,Gabriela,Bliss Wheat,draught,12,5882
2019-02-22,Stacy,Kick Out The Jam,draught,7,5889
2019-02-23,Melissa,Bliss Wheat,bottles or cans,12,5901
2019-02-23,Gabriela,Arbor Cheery Cider,bottles or cans,8,5909
2019-02-23,Sam,Bollywood Blonde,draught,10,5919
2019-02-23,Sam,10 BLINKS Cheery Saison,draught,11,5930
2019-02-23,Melissa,Barrel Aged EIK ZON IPA,bottles or cans,6,5936
2019-02-23,Stacy,Kick Out The Jam,bottles or cans,7,5943
2019-02-23,Stacy,Barrel Aged EIK ZON IPA,bottles or cans,6,5949
2019-02-23,Dave,Bliss Wheat,bottles or cans,12,5961
2019-02-23,Stacy,Barrel Aged EIK ZON IPA,bottles or cans,6,5967
2019-02-24,Dave,Barrel Aged EIK ZON IPA,bottles or cans,6,5973
2019-02-24,Dave,Framboozled,bottles or cans,11,5984
2019-02-24,Gabriela,Cucumber Lime Gose,draught,13,5997
2019-02-24,Dave,Cucumber Lime Gose,bottles or cans,13,6010
2019-02-24,Stacy,Kick Out The Jam,draught,7,6017
2019-02-24,Melissa,Framboozled,draught,11,6028
2019-02-24,Dave,Bliss Wheat,bottles or cans,12,6040
2019-02-24,Dave,Cucumber Lime Gose,draught,13,6053
2019-02-24,Sam,Barrel Aged EIK ZON IPA,bottles or cans,6,6059
2019-02-24,Sam,Cucumber Lime Gose,draught,13,6072
2019-02-24,Gabriela,Kick Out The Jam,draught,7,6079
2019-02-25,Gabriela,Barrel Aged EIK ZON IPA,bottles or cans,6,6085
2019-02-25,Stacy,10 BLINKS Cheery Saison,draught,11,6096
2019-02-25,Stacy,Kick Out The Jam,bottles or cans,7,6103
2019-02-25,Sam,Bollywood Blonde,bottles or cans,10,6113
2019-02-25,Gabriela,Bliss Wheat,draught,12,6125
2019-02-25,Melissa,Bollywood Blonde,draught,10,6135
2019-02-25,Sam,10 BLINKS Cheery Saison,bottles or cans,11,6146
2019-02-25,Melissa,Kick Out The Jam,bottles or cans,7,6153
2019-02-25,Sam,Cucumber Lime Gose,bottles or cans,13,6166
2019-02-25,Gabriela,Euchre Pilsner,bottles or cans,13,6179
2019-02-25,Dave,Kick Out The Jam,bottles or cans,7,6186
2019-02-25,Sam,10 BLINKS Cheery Saison,draught,11,6197
2019-02-26,Melissa,Bliss Wheat,bottles or cans,12,6209
2019-02-26,Melissa,Framboozled,bottles or cans,11,6220
2019-02-26,Dave,Framboozled,draught,11,6231
2019-02-26,Stacy,Framboozled,draught,11,6242
2019-02-26,Sam,Buzzsaw American IPA,draught,13,6255
2019-02-26,Gabriela,Kick Out The Jam,draught,7,6262
2019-02-26,Melissa,Bollywood Blonde,draught,10,6272
2019-02-26,Sam,Arbor Cheery Cider,draught,8,6280
2019-02-27,Dave,Bollywood Blonde,draught,10,6290
2019-02-27,Stacy,Euchre Pilsner,draught,13,6303
2019-02-27,Dave,Bliss Wheat,draught,12,6315
2019-02-27,Stacy,Barrel Aged EIK ZON IPA,draught,6,6321
2019-02-27,Sam,Framboozled,bottles or cans,11,6332
2019-02-27,Gabriela,Kick Out The Jam,draught,7,6339
2019-02-27,Gabriela,Bliss Wheat,bottles or cans,12,6351
2019-02-27,Melissa,Framboozled,bottles or cans,11,6362
2019-02-27,Sam,Arbor Cheery Cider,bottles or cans,8,6370
2019-02-28,Sam,10 BLINKS Cheery Saison,bottles or cans,11,6381
2019-02-28,Sam,Bliss Wheat,draught,12,6393
2019-02-28,Melissa,Arbor Cheery Cider,bottles or cans,8,6401
2019-02-28,Sam,Kick Out The Jam,bottles or cans,7,6408
2019-02-28,Melissa,10 BLINKS Cheery Saison,bottles or cans,11,6419
2019-02-28,Melissa,10 BLINKS Cheery Saison,draught,11,6430
2019-02-28,Stacy,Framboozled,bottles or cans,11,6441
2019-02-28,Stacy,10 BLINKS Cheery Saison,draught,11,6452
2019-02-28,Stacy,Bliss Wheat,draught,12,6464
2019-02-28,Melissa,Framboozled,draught,11,6475
2019-02-28,Melissa,Euchre Pilsner,draught,13,6488
2019-02-28,Dave,Bollywood Blonde,bottles or cans,10,6498
2019-02-28,Sam,10 BLINKS Cheery Saison,bottles or cans,11,6509
2019-02-28,Gabriela,Buzzsaw American IPA,draught,13,6522
2019-03-01,Melissa,Cucumber Lime Gose,bottles or cans,13,6535
2019-03-01,Melissa,10 BLINKS Cheery Saison,bottles or cans,11,6546
2019-03-01,Sam,Buzzsaw American IPA,draught,13,6559
2019-03-01,Dave,Arbor Cheery Cider,bottles or cans,8,6567
2019-03-01,Stacy,Cucumber Lime Gose,draught,13,6580
2019-03-01,Sam,Bollywood Blonde,draught,10,6590
2019-03-01,Dave,Bliss Wheat,draught,12,6602
2019-03-01,Dave,Buzzsaw American IPA,draught,13,6615
2019-03-01,Stacy,Bliss Wheat,draught,12,6627
2019-03-01,Sam,Framboozled,bottles or cans,11,6638
2019-03-01,Stacy,Cucumber Lime Gose,draught,13,6651
2019-03-01,Melissa,10 BLINKS Cheery Saison,bottles or cans,11,6662
2019-03-01,Sam,10 BLINKS Cheery Saison,draught,11,6673
2019-03-01,Melissa,Buzzsaw American IPA,bottles or cans,13,6686
2019-03-01,Stacy,Cucumber Lime Gose,draught,13,6699
2019-03-01,Dave,Arbor Cheery Cider,draught,8,6707
2019-03-01,Gabriela,10 BLINKS Cheery Saison,draught,11,6718
2019-03-02,Stacy,Bollywood Blonde,draught,10,6728
2019-03-02,Dave,Bliss Wheat,draught,12,6740
2019-03-02,Gabriela,Bollywood Blonde,bottles or cans,10,6750
2019-03-02,Gabriela,Bollywood Blonde,bottles or cans,10,6760
2019-03-02,Sam,Barrel Aged EIK ZON IPA,draught,6,6766
2019-03-02,Stacy,Barrel Aged EIK ZON IPA,draught,6,6772
2019-03-02,Gabriela,Euchre Pilsner,bottles or cans,13,6785
2019-03-02,Gabriela,Euchre Pilsner,bottles or cans,13,6798
2019-03-02,Dave,Framboozled,bottles or cans,11,6809
2019-03-03,Melissa,Kick Out The Jam,bottles or cans,7,6816
2019-03-03,Stacy,Cucumber Lime Gose,bottles or cans,13,6829
2019-03-03,Gabriela,Framboozled,bottles or cans,11,6840
2019-03-03,Sam,Kick Out The Jam,draught,7,6847
2019-03-03,Dave,10 BLINKS Cheery Saison,draught,11,6858
2019-03-03,Sam,10 BLINKS Cheery Saison,draught,11,6869
2019-03-03,Stacy,Buzzsaw American IPA,draught,13,6882
2019-03-03,Melissa,Bliss Wheat,bottles or cans,12,6894
2019-03-03,Sam,Barrel Aged EIK ZON IPA,draught,6,6900
2019-03-03,Melissa,Euchre Pilsner,bottles or cans,13,6913
2019-03-03,Melissa,Framboozled,bottles or cans,11,6924
2019-03-03,Melissa,10 BLINKS Cheery Saison,draught,11,6935
2019-03-04,Dave,Bollywood Blonde,draught,10,6945
2019-03-04,Stacy,Bliss Wheat,bottles or cans,12,6957
2019-03-04,Gabriela,Kick Out The Jam,draught,7,6964
2019-03-04,Sam,10 BLINKS Cheery Saison,draught,11,6975
2019-03-04,Gabriela,Barrel Aged EIK ZON IPA,draught,6,6981
2019-03-04,Sam,Arbor Cheery Cider,bottles or cans,8,6989
2019-03-04,Sam,Barrel Aged EIK ZON IPA,bottles or cans,6,6995
2019-03-04,Stacy,Arbor Cheery Cider,bottles or cans,8,7003
2019-03-04,Gabriela,Cucumber Lime Gose,bottles or cans,13,7016
2019-03-05,Dave,Buzzsaw American IPA,bottles or cans,13,7029
2019-03-05,Gabriela,Framboozled,bottles or cans,11,7040
2019-03-05,Sam,Bliss Wheat,draught,12,7052
2019-03-05,Dave,10 BLINKS Cheery Saison,bottles or cans,11,7063
2019-03-05,Sam,Bollywood Blonde,draught,10,7073
2019-03-05,Dave,Bollywood Blonde,bottles or cans,10,7083
2019-03-05,Dave,Framboozled,bottles or cans,11,7094
2019-03-05,Dave,Bliss Wheat,bottles or cans,12,7106
2019-03-05,Gabriela,Barrel Aged EIK ZON IPA,bottles or cans,6,7112
2019-03-05,Stacy,Bollywood Blonde,draught,10,7122
2019-03-06,Sam,Barrel Aged EIK ZON IPA,bottles or cans,6,7128
2019-03-06,Gabriela,Bollywood Blonde,draught,10,7138
2019-03-06,Stacy,Kick Out The Jam,draught,7,7145
2019-03-06,Stacy,10 BLINKS Cheery Saison,draught,11,7156
2019-03-06,Sam,10 BLINKS Cheery Saison,draught,11,7167
2019-03-06,Sam,Kick Out The Jam,bottles or cans,7,7174
2019-03-06,Melissa,Buzzsaw American IPA,draught,13,7187
2019-03-06,Stacy,Framboozled,bottles or cans,11,7198
2019-03-06,Stacy,Framboozled,draught,11,7209
2019-03-06,Dave,Buzzsaw American IPA,bottles or cans,13,7222
2019-03-07,Melissa,Euchre Pilsner,bottles or cans,13,7235
2019-03-07,Dave,Kick Out The Jam,draught,7,7242
2019-03-07,Melissa,Cucumber Lime Gose,draught,13,7255
2019-03-07,Stacy,Barrel Aged EIK ZON IPA,bottles or cans,6,7261
2019-03-07,Gabriela,Framboozled,draught,11,7272
2019-03-07,Dave,Buzzsaw American IPA,bottles or cans,13,7285
2019-03-07,Sam,Bollywood Blonde,bottles or cans,10,7295
2019-03-07,Sam,Arbor Cheery Cider,bottles or cans,8,7303
2019-03-07,Stacy,Bollywood Blonde,bottles or cans,10,7313
2019-03-07,Gabriela,10 BLINKS Cheery Saison,draught,11,7324
2019-03-07,Dave,Euchre Pilsner,draught,13,7337
2019-03-07,Sam,Buzzsaw American IPA,draught,13,7350
2019-03-07,Melissa,Bliss Wheat,draught,12,7362
2019-03-07,Gabriela,Bliss Wheat,draught,12,7374
2019-03-07,Sam,10 BLINKS Cheery Saison,draught,11,7385
2019-03-07,Melissa,Euchre Pilsner,draught,13,7398
2019-03-08,Melissa,10 BLINKS Cheery Saison,draught,11,7409
2019-03-08,Melissa,Barrel Aged EIK ZON IPA,draught,6,7415
2019-03-08,Gabriela,Barrel Aged EIK ZON IPA,draught,6,7421
2019-03-08,Sam,Bollywood Blonde,draught,10,7431
2019-03-08,Melissa,Cucumber Lime Gose,bottles or cans,13,7444
2019-03-08,Melissa,Arbor Cheery Cider,bottles or cans,8,7452
2019-03-08,Stacy,Barrel Aged EIK ZON IPA,bottles or cans,6,7458
2019-03-08,Gabriela,Bollywood Blonde,bottles or cans,10,7468
2019-03-08,Dave,Arbor Cheery Cider,bottles or cans,8,7476
2019-03-08,Gabriela,Buzzsaw American IPA,bottles or cans,13,7489
2019-03-08,Sam,Arbor Cheery Cider,bottles or cans,8,7497
2019-03-08,Stacy,Framboozled,bottles or cans,11,7508
2019-03-08,Gabriela,Kick Out The Jam,bottles or cans,7,7515
2019-03-08,Melissa,Cucumber Lime Gose,bottles or cans,13,7528
2019-03-09,Stacy,Framboozled,draught,11,7539
2019-03-09,Stacy,Framboozled,draught,11,7550
2019-03-09,Stacy,Kick Out The Jam,bottles or cans,7,7557
2019-03-09,Gabriela,Barrel Aged EIK ZON IPA,draught,6,7563
2019-03-09,Melissa,Euchre Pilsner,draught,13,7576
2019-03-09,Stacy,Kick Out The Jam,bottles or cans,7,7583
2019-03-10,Dave,Buzzsaw American IPA,bottles or cans,13,7596
2019-03-10,Dave,10 BLINKS Cheery Saison,bottles or cans,11,7607
2019-03-10,Dave,Euchre Pilsner,draught,13,7620
2019-03-10,Sam,Cucumber Lime Gose,draught,13,7633
2019-03-10,Melissa,Kick Out The Jam,bottles or cans,7,7640
2019-03-10,Dave,Kick Out The Jam,draught,7,7647
2019-03-10,Gabriela,Framboozled,bottles or cans,11,7658
2019-03-10,Sam,Kick Out The Jam,bottles or cans,7,7665
2019-03-10,Dave,Bollywood Blonde,bottles or cans,10,7675
2019-03-10,Stacy,Cucumber Lime Gose,draught,13,7688
2019-03-10,Sam,10 BLINKS Cheery Saison,bottles or cans,11,7699
2019-03-11,Sam,Arbor Cheery Cider,bottles or cans,8,7707
2019-03-11,Sam,Cucumber Lime Gose,draught,13,7720
2019-03-11,Dave,Buzzsaw American IPA,bottles or cans,13,7733
2019-03-11,Melissa,Euchre Pilsner,bottles or cans,13,7746
2019-03-11,Stacy,Framboozled,draught,11,7757
2019-03-11,Stacy,Bliss Wheat,bottles or cans,12,7769
2019-03-11,Dave,Barrel Aged EIK ZON IPA,draught,6,7775
2019-03-11,Gabriela,Bollywood Blonde,draught,10,7785
2019-03-11,Dave,10 BLINKS Cheery Saison,bottles or cans,11,7796
2019-03-11,Gabriela,Barrel Aged EIK ZON IPA,draught,6,7802
2019-03-11,Gabriela,Barrel Aged EIK ZON IPA,draught,6,7808
2019-03-11,Sam,Kick Out The Jam,bottles or cans,7,7815
2019-03-11,Stacy,Kick Out The Jam,draught,7,7822
2019-03-12,Dave,Kick Out The Jam,bottles or cans,7,7829
2019-03-12,Sam,Framboozled,draught,11,7840
2019-03-12,Melissa,Bollywood Blonde,draught,10,7850
2019-03-12,Gabriela,Framboozled,draught,11,7861
2019-03-12,Dave,Kick Out The Jam,bottles or cans,7,7868
2019-03-12,Dave,Cucumber Lime Gose,bottles or cans,13,7881
2019-03-12,Sam,Euchre Pilsner,bottles or cans,13,7894
2019-03-12,Stacy,Bliss Wheat,bottles or cans,12,7906
2019-03-13,Melissa,Buzzsaw American IPA,bottles or cans,13,7919
2019-03-13,Melissa,Bliss Wheat,draught,12,7931
2019-03-13,Melissa,Kick Out The Jam,draught,7,7938
2019-03-13,Sam,Bliss Wheat,bottles or cans,12,7950
2019-03-13,Melissa,Arbor Cheery Cider,draught,8,7958
2019-03-13,Gabriela,Cucumber Lime Gose,draught,13,7971
2019-03-13,Dave,Arbor Cheery Cider,draught,8,7979
2019-03-13,Sam,Framboozled,draught,11,7990
2019-03-13,Dave,Euchre Pilsner,draught,13,8003
2019-03-13,Stacy,10 BLINKS Cheery Saison,bottles or cans,11,8014
2019-03-13,Gabriela,10 BLINKS Cheery Saison,draught,11,8025
2019-03-14,Dave,Euchre Pilsner,bottles or cans,13,8038
2019-03-14,Gabriela,10 BLINKS Cheery Saison,draught,11,8049
2019-03-14,Stacy,Arbor Cheery Cider,draught,8,8057
2019-03-14,Sam,Bollywood Blonde,bottles or cans,10,8067
2019-03-14,Dave,Euchre Pilsner,bottles or cans,13,8080
2019-03-14,Gabriela,Framboozled,draught,11,8091
2019-03-14,Gabriela,Arbor Cheery Cider,bottles or cans,8,8099
2019-03-14,Stacy,Barrel Aged EIK ZON IPA,bottles or cans,6,8105
2019-03-14,Gabriela,Arbor Cheery Cider,draught,8,8113
2019-03-14,Stacy,Framboozled,bottles or cans,11,8124
2019-03-14,Dave,Cucumber Lime Gose,draught,13,8137
2019-03-15,Melissa,Euchre Pilsner,bottles or cans,13,8150
2019-03-15,Dave,Barrel Aged EIK ZON IPA,draught,6,8156
2019-03-15,Stacy,Framboozled,bottles or cans,11,8167
2019-03-15,Stacy,Cucumber Lime Gose,draught,13,8180
2019-03-15,Stacy,Framboozled,draught,11,8191
2019-03-15,Dave,Framboozled,draught,11,8202
2019-03-15,Stacy,Cucumber Lime Gose,bottles or cans,13,8215
2019-03-15,Stacy,Bliss Wheat,draught,12,8227
2019-03-15,Dave,Kick Out The Jam,draught,7,8234
2019-03-15,Gabriela,10 BLINKS Cheery Saison,draught,11,8245
2019-03-15,Gabriela,Cucumber Lime Gose,bottles or cans,13,8258
2019-03-15,Stacy,10 BLINKS Cheery Saison,draught,11,8269
2019-03-16,Gabriela,10 BLINKS Cheery Saison,draught,11,8280
2019-03-16,Gabriela,10 BLINKS Cheery Saison,bottles or cans,11,8291
2019-03-17,Melissa,Kick Out The Jam,bottles or cans,7,8298
2019-03-17,Gabriela,Bliss Wheat,bottles or cans,12,8310
2019-03-17,Dave,Bliss Wheat,draught,12,8322
2019-03-17,Gabriela,Cucumber Lime Gose,draught,13,8335
2019-03-17,Gabriela,Kick Out The Jam,draught,7,8342
2019-03-17,Dave,Framboozled,draught,11,8353
2019-03-17,Gabriela,Framboozled,draught,11,8364
2019-03-17,Melissa,Barrel Aged EIK ZON IPA,draught,6,8370
2019-03-17,Gabriela,Kick Out The Jam,draught,7,8377
2019-03-17,Melissa,Kick Out The Jam,draught,7,8384
2019-03-17,Gabriela,Cucumber Lime Gose,bottles or cans,13,8397
2019-03-17,Melissa,Arbor Cheery Cider,draught,8,8405
2019-03-17,Sam,Buzzsaw American IPA,bottles or cans,13,8418
2019-03-17,Dave,Euchre Pilsner,bottles or cans,13,8431
2019-03-17,Melissa,10 BLINKS Cheery Saison,bottles or cans,11,8442
2019-03-18,Stacy,Kick Out The Jam,draught,7,8449
2019-03-18,Melissa,Buzzsaw American IPA,bottles or cans,13,8462
2019-03-18,Gabriela,Kick Out The Jam,draught,7,8469
2019-03-18,Dave,Arbor Cheery Cider,draught,8,8477
2019-03-18,Melissa,10 BLINKS Cheery Saison,bottles or cans,11,8488
2019-03-18,Dave,Cucumber Lime Gose,draught,13,8501
2019-03-18,Gabriela,Euchre Pilsner,bottles or cans,13,8514
2019-03-18,Melissa,Euchre Pilsner,draught,13,8527
2019-03-18,Melissa,Bliss Wheat,draught,12,8539
2019-03-18,Gabriela,Bollywood Blonde,draught,10,8549
2019-03-18,Gabriela,Barrel Aged EIK ZON IPA,bottles or cans,6,8555
2019-03-18,Sam,Bollywood Blonde,bottles or cans,10,8565
2019-03-19,Stacy,Cucumber Lime Gose,bottles or cans,13,8578
2019-03-19,Stacy,Bliss Wheat,draught,12,8590
2019-03-19,Dave,Barrel Aged EIK ZON IPA,draught,6,8596
2019-03-19,Stacy,Kick Out The Jam,bottles or cans,7,8603
2019-03-19,Melissa,Euchre Pilsner,draught,13,8616
2019-03-19,Sam,Buzzsaw American IPA,bottles or cans,13,8629
2019-03-19,Stacy,Bollywood Blonde,bottles or cans,10,8639
2019-03-19,Melissa,Bliss Wheat,bottles or cans,12,8651
2019-03-19,Gabriela,Buzzsaw American IPA,bottles or cans,13,8664
2019-03-20,Gabriela,10 BLINKS Cheery Saison,draught,11,8675
2019-03-20,Melissa,10 BLINKS Cheery Saison,bottles or cans,11,8686
2019-03-20,Gabriela,Cucumber Lime Gose,bottles or cans,13,8699
2019-03-20,Melissa,Arbor Cheery Cider,draught,8,8707
2019-03-20,Stacy,Euchre Pilsner,draught,13,8720
2019-03-20,Sam,Euchre Pilsner,bottles or cans,13,8733
2019-03-20,Dave,10 BLINKS Cheery Saison,draught,11,8744
2019-03-20,Dave,Buzzsaw American IPA,bottles or cans,13,8757
2019-03-20,Dave,Euchre Pilsner,draught,13,8770
2019-03-20,Stacy,Cucumber Lime Gose,draught,13,8783
2019-03-20,Gabriela,Kick Out The Jam,bottles or cans,7,8790
2019-03-20,Stacy,Euchre Pilsner,bottles or cans,13,8803
2019-03-20,Melissa,Bliss Wheat,bottles or cans,12,8815
2019-03-20,Gabriela,Bollywood Blonde,draught,10,8825
2019-03-21,Gabriela,Bliss Wheat,bottles or cans,12,8837
2019-03-21,Melissa,Euchre Pilsner,bottles or cans,13,8850
2019-03-21,Dave,Bollywood Blonde,bottles or cans,10,8860
2019-03-21,Stacy,Euchre Pilsner,draught,13,8873
2019-03-21,Melissa,Barrel Aged EIK ZON IPA,bottles or cans,6,8879
2019-03-21,Melissa,Arbor Cheery Cider,bottles or cans,8,8887
2019-03-21,Melissa,Arbor Cheery Cider,bottles or cans,8,8895
2019-03-21,Dave,Cucumber Lime Gose,bottles or cans,13,8908
2019-03-22,Gabriela,Barrel Aged EIK ZON IPA,bottles or cans,6,8914
2019-03-22,Dave,Framboozled,bottles or cans,11,8925
2019-03-22,Dave,Arbor Cheery Cider,bottles or cans,8,8933
2019-03-22,Sam,Bliss Wheat,bottles or cans,12,8945
2019-03-22,Sam,Bollywood Blonde,draught,10,8955
2019-03-22,Gabriela,Euchre Pilsner,draught,13,8968
2019-03-22,Gabriela,Cucumber Lime Gose,bottles or cans,13,8981
2019-03-22,Dave,Buzzsaw American IPA,bottles or cans,13,8994
2019-03-22,Sam,Bollywood Blonde,bottles or cans,10,9004
2019-03-22,Melissa,Bollywood Blonde,draught,10,9014
2019-03-22,Gabriela,10 BLINKS Cheery Saison,bottles or cans,11,9025
2019-03-22,Stacy,Framboozled,draught,11,9036
2019-03-22,Dave,Framboozled,bottles or cans,11,9047
2019-03-22,Gabriela,Euchre Pilsner,draught,13,9060
2019-03-22,Melissa,Kick Out The Jam,bottles or cans,7,9067
2019-03-22,Stacy,Euchre Pilsner,bottles or cans,13,9080
2019-03-23,Gabriela,Framboozled,bottles or cans,11,9091
2019-03-23,Melissa,Bollywood Blonde,draught,10,9101
2019-03-23,Stacy,Buzzsaw American IPA,draught,13,9114
2019-03-23,Gabriela,10 BLINKS Cheery Saison,draught,11,9125
2019-03-23,Sam,Euchre Pilsner,draught,13,9138
2019-03-23,Dave,Euchre Pilsner,bottles or cans,13,9151
2019-03-23,Gabriela,Barrel Aged EIK ZON IPA,draught,6,9157
2019-03-23,Melissa,Bliss Wheat,draught,12,9169
2019-03-23,Melissa,Barrel Aged EIK ZON IPA,draught,6,9175
2019-03-23,Stacy,Euchre Pilsner,bottles or cans,13,9188
2019-03-23,Stacy,Euchre Pilsner,draught,13,9201
2019-03-23,Sam,Bliss Wheat,bottles or cans,12,9213
2019-03-23,Melissa,Arbor Cheery Cider,draught,8,9221
2019-03-23,Gabriela,Buzzsaw American IPA,bottles or cans,13,9234
2019-03-23,Melissa,Arbor Cheery Cider,bottles or cans,8,9242
2019-03-24,Melissa,Bliss Wheat,draught,12,9254
2019-03-24,Sam,Buzzsaw American IPA,draught,13,9267
2019-03-24,Stacy,Cucumber Lime Gose,draught,13,9280
2019-03-24,Dave,10 BLINKS Cheery Saison,draught,11,9291
2019-03-24,Melissa,Bollywood Blonde,draught,10,9301
2019-03-24,Stacy,Arbor Cheery Cider,draught,8,9309
2019-03-24,Melissa,Kick Out The Jam,draught,7,9316
2019-03-24,Sam,Cucumber Lime Gose,bottles or cans,13,9329
2019-03-24,Sam,Bliss Wheat,draught,12,9341
2019-03-24,Sam,10 BLINKS Cheery Saison,draught,11,9352
2019-03-25,Gabriela,Framboozled,draught,11,9363
2019-03-25,Sam,Arbor Cheery Cider,bottles or cans,8,9371
2019-03-25,Melissa,Cucumber Lime Gose,draught,13,9384
2019-03-25,Sam,Bollywood Blonde,draught,10,9394
2019-03-25,Melissa,Cucumber Lime Gose,bottles or cans,13,9407
2019-03-25,Sam,Cucumber Lime Gose,bottles or cans,13,9420
2019-03-25,Stacy,Buzzsaw American IPA,draught,13,9433
2019-03-25,Sam,Bliss Wheat,bottles or cans,12,9445
2019-03-25,Sam,Cucumber Lime Gose,bottles or cans,13,9458
2019-03-25,Gabriela,Framboozled,bottles or cans,11,9469
2019-03-26,Gabriela,Framboozled,bottles or cans,11,9480
2019-03-26,Melissa,Cucumber Lime Gose,bottles or cans,13,9493
2019-03-26,Sam,Buzzsaw American IPA,draught,13,9506
2019-03-26,Dave,Framboozled,bottles or cans,11,9517
2019-03-26,Gabriela,Euchre Pilsner,bottles or cans,13,9530
2019-03-26,Gabriela,Framboozled,bottles or cans,11,9541
2019-03-26,Gabriela,Arbor Cheery Cider,bottles or cans,8,9549
2019-03-26,Sam,Framboozled,draught,11,9560
2019-03-26,Dave,Arbor Cheery Cider,bottles or cans,8,9568
2019-03-26,Melissa,Bollywood Blonde,bottles or cans,10,9578
2019-03-26,Sam,Framboozled,bottles or cans,11,9589
2019-03-26,Dave,Bollywood Blonde,bottles or cans,10,9599
2019-03-26,Dave,Barrel Aged EIK ZON IPA,bottles or cans,6,9605
2019-03-26,Sam,10 BLINKS Cheery Saison,bottles or cans,11,9616
2019-03-26,Sam,Euchre Pilsner,bottles or cans,13,9629
2019-03-26,Dave,Arbor Cheery Cider,bottles or cans,8,9637
2019-03-27,Melissa,Buzzsaw American IPA,draught,13,9650
2019-03-27,Stacy,Barrel Aged EIK ZON IPA,draught,6,9656
2019-03-27,Dave,Framboozled,bottles or cans,11,9667
2019-03-27,Gabriela,Framboozled,bottles or cans,11,9678
2019-03-27,Dave,Barrel Aged EIK ZON IPA,bottles or cans,6,9684
2019-03-27,Stacy,Arbor Cheery Cider,draught,8,9692
2019-03-27,Sam,Buzzsaw American IPA,bottles or cans,13,9705
2019-03-27,Dave,Bliss Wheat,bottles or cans,12,9717
2019-03-27,Sam,Arbor Cheery Cider,bottles or cans,8,9725
2019-03-27,Stacy,Cucumber Lime Gose,draught,13,9738
2019-03-27,Stacy,Bliss Wheat,draught,12,9750
2019-03-27,Sam,Framboozled,bottles or cans,11,9761
2019-03-27,Sam,Bliss Wheat,draught,12,9773
2019-03-28,Melissa,Euchre Pilsner,draught,13,9786
2019-03-28,Stacy,Cucumber Lime Gose,draught,13,9799
2019-03-28,Sam,Euchre Pilsner,bottles or cans,13,9812
2019-03-28,Gabriela,Kick Out The Jam,draught,7,9819
2019-03-28,Gabriela,Euchre Pilsner,draught,13,9832
2019-03-28,Dave,Euchre Pilsner,bottles or cans,13,9845
2019-03-29,Dave,Bliss Wheat,bottles or cans,12,9857
2019-03-29,Melissa,Kick Out The Jam,draught,7,9864
2019-03-29,Dave,Barrel Aged EIK ZON IPA,draught,6,9870
2019-03-29,Gabriela,Bollywood Blonde,bottles or cans,10,9880
2019-03-29,Dave,Framboozled,draught,11,9891
2019-03-29,Stacy,Bliss Wheat,bottles or cans,12,9903
2019-03-29,Dave,Framboozled,bottles or cans,11,9914
2019-03-29,Melissa,Kick Out The Jam,bottles or cans,7,9921
2019-03-29,Stacy,Kick Out The Jam,bottles or cans,7,9928
2019-03-29,Gabriela,Barrel Aged EIK ZON IPA,draught,6,9934
2019-03-29,Melissa,Euchre Pilsner,draught,13,9947
2019-03-29,Gabriela,Arbor Cheery Cider,draught,8,9955
2019-03-29,Gabriela,Kick Out The Jam,bottles or cans,7,9962
2019-03-29,Gabriela,Bollywood Blonde,draught,10,9972
2019-03-29,Melissa,Bollywood Blonde,bottles or cans,10,9982
2019-03-29,Gabriela,Framboozled,bottles or cans,11,9993
2019-03-29,Stacy,Cucumber Lime Gose,bottles or cans,13,10006
2019-03-29,Sam,Buzzsaw American IPA,draught,13,10019
2019-03-29,Stacy,Cucumber Lime Gose,bottles or cans,13,10032
2019-03-29,Gabriela,Barrel Aged EIK ZON IPA,draught,6,10038
2019-03-30,Melissa,Bliss Wheat,draught,12,10050
2019-03-30,Stacy,Cucumber Lime Gose,draught,13,10063
2019-03-30,Stacy,Euchre Pilsner,bottles or cans,13,10076
2019-03-30,Dave,Bliss Wheat,bottles or cans,12,10088
2019-03-30,Melissa,Euchre Pilsner,draught,13,10101
2019-03-30,Stacy,Arbor Cheery Cider,draught,8,10109
2019-03-30,Sam,Framboozled,draught,11,10120
2019-03-30,Gabriela,Euchre Pilsner,bottles or cans,13,10133
2019-03-30,Melissa,Bliss Wheat,draught,12,10145
2019-03-30,Stacy,10 BLINKS Cheery Saison,bottles or cans,11,10156
2019-03-30,Stacy,Framboozled,bottles or cans,11,10167
2019-03-30,Gabriela,Barrel Aged EIK ZON IPA,draught,6,10173
2019-03-31,Gabriela,Kick Out The Jam,bottles or cans,7,10180
2019-03-31,Sam,Kick Out The Jam,draught,7,10187
2019-03-31,Dave,Bliss Wheat,draught,12,10199
2019-03-31,Melissa,Buzzsaw American IPA,bottles or cans,13,10212
2019-03-31,Dave,10 BLINKS Cheery Saison,bottles or cans,11,10223
2019-03-31,Gabriela,Bliss Wheat,bottles or cans,12,10235
2019-04-01,Dave,Barrel Aged EIK ZON IPA,draught,6,10241
2019-04-01,Sam,Cucumber Lime Gose,bottles or cans,13,10254
2019-04-01,Stacy,10 BLINKS Cheery Saison,bottles or cans,11,10265
2019-04-01,Sam,Bliss Wheat,draught,12,10277
2019-04-01,Dave,Arbor Cheery Cider,bottles or cans,8,10285
2019-04-01,Dave,Buzzsaw American IPA,bottles or cans,13,10298
2019-04-01,Sam,Bollywood Blonde,draught,10,10308
2019-04-01,Stacy,Euchre Pilsner,draught,13,10321
2019-04-01,Gabriela,Cucumber Lime Gose,bottles or cans,13,10334
2019-04-01,Sam,Barrel Aged EIK ZON IPA,draught,6,10340
2019-04-02,Stacy,Framboozled,draught,11,10351
2019-04-02,Sam,Barrel Aged EIK ZON IPA,bottles or cans,6,10357
2019-04-02,Gabriela,Framboozled,bottles or cans,11,10368
2019-04-02,Gabriela,10 BLINKS Cheery Saison,bottles or cans,11,10379
2019-04-02,Stacy,Arbor Cheery Cider,draught,8,10387
2019-04-02,Sam,Kick Out The Jam,bottles or cans,7,10394
2019-04-02,Melissa,Framboozled,draught,11,10405
2019-04-02,Dave,Barrel Aged EIK ZON IPA,bottles or cans,6,10411
2019-04-02,Sam,Framboozled,bottles or cans,11,10422
2019-04-02,Sam,Bollywood Blonde,draught,10,10432
2019-04-02,Dave,Barrel Aged EIK ZON IPA,bottles or cans,6,10438
2019-04-03,Dave,Buzzsaw American IPA,bottles or cans,13,10451
2019-04-03,Gabriela,Kick Out The Jam,bottles or cans,7,10458
2019-04-03,Stacy,Bollywood Blonde,draught,10,10468
2019-04-03,Dave,Bliss Wheat,draught,12,10480
2019-04-03,Gabriela,Buzzsaw American IPA,draught,13,10493
2019-04-03,Melissa,Cucumber Lime Gose,bottles or cans,13,10506
2019-04-03,Stacy,Kick Out The Jam,bottles or cans,7,10513
2019-04-03,Dave,Buzzsaw American IPA,bottles or cans,13,10526
2019-04-03,Sam,Cucumber Lime Gose,bottles or cans,13,10539
2019-04-04,Sam,Kick Out The Jam,draught,7,10546
2019-04-04,Stacy,Arbor Cheery Cider,draught,8,10554
2019-04-04,Sam,Buzzsaw American IPA,draught,13,10567
2019-04-04,Gabriela,Framboozled,bottles or cans,11,10578
2019-04-04,Stacy,Framboozled,draught,11,10589
2019-04-04,Sam,Framboozled,draught,11,10600
2019-04-04,Stacy,Bollywood Blonde,bottles or cans,10,10610
2019-04-04,Melissa,Barrel Aged EIK ZON IPA,draught,6,10616
2019-04-04,Melissa,Bollywood Blonde,bottles or cans,10,10626
2019-04-04,Stacy,Cucumber Lime Gose,bottles or cans,13,10639
2019-04-05,Sam,Framboozled,bottles or cans,11,10650
2019-04-05,Stacy,Bliss Wheat,draught,12,10662
2019-04-05,Sam,Framboozled,bottles or cans,11,10673
2019-04-05,Dave,Barrel Aged EIK ZON IPA,bottles or cans,6,10679
2019-04-05,Dave,Bollywood Blonde,bottles or cans,10,10689
2019-04-05,Dave,Bollywood Blonde,bottles or cans,10,10699
2019-04-05,Melissa,Framboozled,bottles or cans,11,10710
2019-04-05,Gabriela,Framboozled,bottles or cans,11,10721
2019-04-05,Dave,Framboozled,draught,11,10732
2019-04-05,Melissa,Kick Out The Jam,bottles or cans,7,10739
2019-04-05,Melissa,Bliss Wheat,draught,12,10751
2019-04-05,Gabriela,Framboozled,bottles or cans,11,10762
2019-04-05,Melissa,Bliss Wheat,draught,12,10774
2019-04-05,Sam,Framboozled,draught,11,10785
2019-04-06,Gabriela,Cucumber Lime Gose,draught,13,10798
2019-04-06,Melissa,Framboozled,draught,11,10809
2019-04-06,Sam,Bollywood Blonde,bottles or cans,10,10819
2019-04-06,Gabriela,Bollywood Blonde,bottles or cans,10,10829
2019-04-06,Melissa,Framboozled,draught,11,10840
2019-04-06,Melissa,Euchre Pilsner,bottles or cans,13,10853
2019-04-06,Dave,Arbor Cheery Cider,draught,8,10861
2019-04-06,Sam,10 BLINKS Cheery Saison,bottles or cans,11,10872
2019-04-06,Gabriela,Euchre Pilsner,draught,13,10885
2019-04-06,Melissa,10 BLINKS Cheery Saison,draught,11,10896
2019-04-06,Melissa,Cucumber Lime Gose,bottles or cans,13,10909
2019-04-06,Melissa,Bliss Wheat,bottles or cans,12,10921
2019-04-06,Stacy,10 BLINKS Cheery Saison,draught,11,10932
2019-04-07,Dave,Bliss Wheat,draught,12,10944
2019-04-07,Sam,Barrel Aged EIK ZON IPA,bottles or cans,6,10950
2019-04-07,Stacy,Bliss Wheat,bottles or cans,12,10962
2019-04-07,Gabriela,Kick Out The Jam,bottles or cans,7,10969
2019-04-07,Gabriela,10 BLINKS Cheery Saison,draught,11,10980
2019-04-07,Gabriela,Bliss Wheat,bottles or cans,12,10992
2019-04-07,Dave,Cucumber Lime Gose,bottles or cans,13,11005
2019-04-07,Dave,Arbor Cheery Cider,draught,8,11013
2019-04-07,Gabriela,Kick Out The Jam,bottles or cans,7,11020
2019-04-07,Stacy,10 BLINKS Cheery Saison,bottles or cans,11,11031
2019-04-08,Melissa,Framboozled,draught,11,11042
2019-04-08,Dave,10 BLINKS Cheery Saison,draught,11,11053
2019-04-08,Dave,Buzzsaw American IPA,draught,13,11066
2019-04-08,Sam,Cucumber Lime Gose,draught,13,11079
2019-04-08,Dave,Arbor Cheery Cider,bottles or cans,8,11087
2019-04-08,Sam,Framboozled,bottles or cans,11,11098
2019-04-08,Sam,10 BLINKS Cheery Saison,draught,11,11109
2019-04-08,Dave,Kick Out The Jam,draught,7,11116
2019-04-08,Stacy,Cucumber Lime Gose,draught,13,11129
2019-04-08,Sam,Barrel Aged EIK ZON IPA,bottles or cans,6,11135
2019-04-08,Gabriela,Bliss Wheat,draught,12,11147
2019-04-08,Melissa,Barrel Aged EIK ZON IPA,draught,6,11153
2019-04-08,Stacy,Arbor Cheery Cider,draught,8,11161
2019-04-08,Gabriela,Buzzsaw American IPA,draught,13,11174
2019-04-08,Gabriela,Kick Out The Jam,bottles or cans,7,11181
2019-04-08,Dave,Framboozled,draught,11,11192
2019-04-08,Melissa,Barrel Aged EIK ZON IPA,bottles or cans,6,11198
2019-04-09,Gabriela,Barrel Aged EIK ZON IPA,draught,6,11204
2019-04-09,Sam,Cucumber Lime Gose,draught,13,11217
2019-04-09,Melissa,Euchre Pilsner,draught,13,11230
2019-04-09,Stacy,Bliss Wheat,bottles or cans,12,11242
2019-04-09,Stacy,Bollywood Blonde,draught,10,11252
2019-04-09,Dave,Euchre Pilsner,draught,13,11265
2019-04-09,Melissa,Cucumber Lime Gose,bottles or cans,13,11278
2019-04-09,Melissa,Framboozled,bottles or cans,11,11289
2019-04-10,Sam,Bliss Wheat,draught,12,11301
2019-04-10,Melissa,Kick Out The Jam,bottles or cans,7,11308
2019-04-10,Melissa,10 BLINKS Cheery Saison,draught,11,11319
2019-04-10,Gabriela,Barrel Aged EIK ZON IPA,draught,6,11325
2019-04-10,Gabriela,Cucumber Lime Gose,bottles or cans,13,11338
2019-04-10,Sam,Arbor Cheery Cider,bottles or cans,8,11346
2019-04-10,Melissa,Bollywood Blonde,bottles or cans,10,11356
2019-04-10,Melissa,Barrel Aged EIK ZON IPA,draught,6,11362
2019-04-10,Stacy,Cucumber Lime Gose,bottles or cans,13,11375
2019-04-10,Sam,Arbor Cheery Cider,bottles or cans,8,11383
2019-04-10,Stacy,Bollywood Blonde,bottles or cans,10,11393
2019-04-11,Dave,Kick Out The Jam,bottles or cans,7,11400
2019-04-11,Gabriela,Framboozled,bottles or cans,11,11411
2019-04-11,Melissa,Bliss Wheat,bottles or cans,12,11423
2019-04-11,Dave,Buzzsaw American IPA,draught,13,11436
2019-04-11,Gabriela,10 BLINKS Cheery Saison,bottles or cans,11,11447
2019-04-12,Melissa,Framboozled,draught,11,11458
2019-04-12,Sam,Euchre Pilsner,bottles or cans,13,11471
2019-04-12,Gabriela,Bollywood Blonde,draught,10,11481
2019-04-12,Sam,Framboozled,bottles or cans,11,11492
2019-04-12,Melissa,Bollywood Blonde,bottles or cans,10,11502
2019-04-12,Dave,Framboozled,bottles or cans,11,11513
2019-04-12,Stacy,Buzzsaw American IPA,draught,13,11526
2019-04-12,Sam,Bollywood Blonde,draught,10,11536
2019-04-12,Dave,10 BLINKS Cheery Saison,draught,11,11547
2019-04-12,Stacy,10 BLINKS Cheery Saison,bottles or cans,11,11558
2019-04-12,Dave,Euchre Pilsner,bottles or cans,13,11571
2019-04-12,Sam,Framboozled,bottles or cans,11,11582
2019-04-12,Sam,Barrel Aged EIK ZON IPA,bottles or cans,6,11588
2019-04-13,Sam,Framboozled,draught,11,11599
2019-04-13,Sam,Bliss Wheat,bottles or cans,12,11611
2019-04-13,Sam,Kick Out The Jam,bottles or cans,7,11618
2019-04-13,Sam,Bollywood Blonde,bottles or cans,10,11628
2019-04-13,Gabriela,Kick Out The Jam,draught,7,11635
2019-04-13,Melissa,Framboozled,draught,11,11646
2019-04-13,Stacy,Bollywood Blonde,draught,10,11656
2019-04-13,Stacy,Bollywood Blonde,bottles or cans,10,11666
2019-04-13,Sam,Barrel Aged EIK ZON IPA,bottles or cans,6,11672
2019-04-13,Gabriela,Kick Out The Jam,draught,7,11679
2019-04-13,Sam,Framboozled,draught,11,11690
2019-04-13,Dave,Cucumber Lime Gose,bottles or cans,13,11703
2019-04-13,Stacy,Kick Out The Jam,draught,7,11710
2019-04-14,Melissa,Framboozled,draught,11,11721
2019-04-14,Melissa,Bliss Wheat,bottles or cans,12,11733
2019-04-14,Sam,Kick Out The Jam,draught,7,11740
2019-04-14,Melissa,Bliss Wheat,bottles or cans,12,11752
2019-04-14,Sam,Arbor Cheery Cider,bottles or cans,8,11760
2019-04-14,Dave,Barrel Aged EIK ZON IPA,bottles or cans,6,11766
2019-04-14,Dave,Cucumber Lime Gose,bottles or cans,13,11779
2019-04-14,Sam,Bliss Wheat,bottles or cans,12,11791
2019-04-14,Stacy,Cucumber Lime Gose,bottles or cans,13,11804
2019-04-14,Melissa,10 BLINKS Cheery Saison,bottles or cans,11,11815
2019-04-14,Gabriela,10 BLINKS Cheery Saison,bottles or cans,11,11826
2019-04-14,Gabriela,Arbor Cheery Cider,bottles or cans,8,11834
2019-04-14,Dave,Euchre Pilsner,draught,13,11847
2019-04-14,Gabriela,10 BLINKS Cheery Saison,draught,11,11858
2019-04-14,Melissa,Bollywood Blonde,bottles or cans,10,11868
2019-04-14,Sam,Euchre Pilsner,draught,13,11881
2019-04-15,Dave,Kick Out The Jam,bottles or cans,7,11888
2019-04-15,Stacy,Cucumber Lime Gose,draught,13,11901
2019-04-15,Melissa,Cucumber Lime Gose,draught,13,11914
2019-04-15,Sam,Kick Out The Jam,bottles or cans,7,11921
2019-04-16,Dave,Bliss Wheat,bottles or cans,12,11933
2019-04-16,Stacy,Barrel Aged EIK ZON IPA,bottles or cans,6,11939
2019-04-16,Stacy,10 BLINKS Cheery Saison,draught,11,11950
2019-04-16,Sam,Bliss Wheat,bottles or cans,12,11962
2019-04-16,Melissa,Cucumber Lime Gose,bottles or cans,13,11975
2019-04-16,Dave,Framboozled,bottles or cans,11,11986
2019-04-16,Melissa,Arbor Cheery Cider,draught,8,11994
2019-04-16,Dave,Bliss Wheat,bottles or cans,12,12006
2019-04-17,Gabriela,Arbor Cheery Cider,draught,8,12014
2019-04-17,Sam,Kick Out The Jam,draught,7,12021
2019-04-17,Stacy,Euchre Pilsner,draught,13,12034
2019-04-17,Sam,Kick Out The Jam,draught,7,12041
2019-04-17,Melissa,Cucumber Lime Gose,draught,13,12054
2019-04-17,Melissa,Framboozled,draught,11,12065
2019-04-17,Dave,Barrel Aged EIK ZON IPA,bottles or cans,6,12071
2019-04-17,Melissa,Bollywood Blonde,bottles or cans,10,12081
2019-04-17,Sam,Bliss Wheat,bottles or cans,12,12093
2019-04-17,Sam,Barrel Aged EIK ZON IPA,draught,6,12099
2019-04-17,Melissa,Cucumber Lime Gose,draught,13,12112
2019-04-17,Stacy,Cucumber Lime Gose,bottles or cans,13,12125
2019-04-18,Sam,Cucumber Lime Gose,bottles or cans,13,12138
2019-04-18,Dave,Arbor Cheery Cider,draught,8,12146
2019-04-18,Sam,Kick Out The Jam,bottles or cans,7,12153
2019-04-18,Gabriela,Bollywood Blonde,bottles or cans,10,12163
2019-04-18,Melissa,Cucumber Lime Gose,draught,13,12176
2019-04-18,Dave,Kick Out The Jam,bottles or cans,7,12183
2019-04-18,Sam,Framboozled,draught,11,12194
2019-04-18,Sam,Buzzsaw American IPA,draught,13,12207
2019-04-18,Melissa,Euchre Pilsner,draught,13,12220
2019-04-18,Sam,10 BLINKS Cheery Saison,bottles or cans,11,12231
2019-04-18,Dave,Framboozled,draught,11,12242
2019-04-19,Melissa,Euchre Pilsner,draught,13,12255
2019-04-19,Stacy,Buzzsaw American IPA,bottles or cans,13,12268
2019-04-19,Gabriela,Framboozled,bottles or cans,11,12279
2019-04-19,Melissa,Barrel Aged EIK ZON IPA,bottles or cans,6,12285
2019-04-19,Sam,Framboozled,bottles or cans,11,12296
2019-04-19,Gabriela,Cucumber Lime Gose,bottles or cans,13,12309
2019-04-19,Dave,Barrel Aged EIK ZON IPA,bottles or cans,6,12315
2019-04-19,Melissa,Kick Out The Jam,draught,7,12322
2019-04-19,Melissa,Euchre Pilsner,draught,13,12335
2019-04-19,Gabriela,Bliss Wheat,draught,12,12347
2019-04-20,Dave,Cucumber Lime Gose,draught,13,12360
2019-04-20,Melissa,Bollywood Blonde,draught,10,12370
2019-04-20,Gabriela,Bliss Wheat,draught,12,12382
2019-04-20,Sam,Bliss Wheat,bottles or cans,12,12394
2019-04-20,Stacy,Bliss Wheat,draught,12,12406
2019-04-20,Dave,Kick Out The Jam,bottles or cans,7,12413
2019-04-20,Melissa,Buzzsaw American IPA,bottles or cans,13,12426
2019-04-20,Gabriela,Euchre Pilsner,draught,13,12439
2019-04-20,Melissa,10 BLINKS Cheery Saison,bottles or cans,11,12450
2019-04-21,Melissa,Bollywood Blonde,bottles or cans,10,12460
2019-04-21,Sam,Euchre Pilsner,draught,13,12473
2019-04-21,Melissa,Euchre Pilsner,bottles or cans,13,12486
2019-04-21,Dave,Framboozled,bottles or cans,11,12497
2019-04-21,Stacy,Buzzsaw American IPA,draught,13,12510
2019-04-21,Gabriela,Cucumber Lime Gose,bottles or cans,13,12523
2019-04-21,Gabriela,Arbor Cheery Cider,draught,8,12531
2019-04-21,Gabriela,Barrel Aged EIK ZON IPA,draught,6,12537
2019-04-21,Sam,Bliss Wheat,bottles or cans,12,12549
2019-04-22,Stacy,Framboozled,bottles or cans,11,12560
2019-04-22,Dave,10 BLINKS Cheery Saison,bottles or cans,11,12571
2019-04-22,Stacy,Cucumber Lime Gose,bottles or cans,13,12584
2019-04-22,Stacy,Arbor Cheery Cider,draught,8,12592
2019-04-22,Dave,Buzzsaw American IPA,draught,13,12605
2019-04-22,Dave,Barrel Aged EIK ZON IPA,bottles or cans,6,12611
2019-04-22,Stacy,Buzzsaw American IPA,bottles or cans,13,12624
2019-04-22,Sam,Bliss Wheat,draught,12,12636
2019-04-22,Sam,Cucumber Lime Gose,draught,13,12649
2019-04-22,Melissa,Kick Out The Jam,draught,7,12656
2019-04-22,Gabriela,Barrel Aged EIK ZON IPA,bottles or cans,6,12662
2019-04-22,Gabriela,Barrel Aged EIK ZON IPA,bottles or cans,6,12668
2019-04-22,Dave,10 BLINKS Cheery Saison,draught,11,12679
2019-04-23,Stacy,Barrel Aged EIK ZON IPA,draught,6,12685
2019-04-23,Stacy,Bollywood Blonde,bottles or cans,10,12695
2019-04-23,Sam,Arbor Cheery Cider,bottles or cans,8,12703
2019-04-23,Gabriela,Buzzsaw American IPA,draught,13,12716
2019-04-23,Melissa,Cucumber Lime Gose,bottles or cans,13,12729
2019-04-23,Gabriela,Kick Out The Jam,bottles or cans,7,12736
2019-04-23,Melissa,10 BLINKS Cheery Saison,draught,11,12747
2019-04-23,Sam,Buzzsaw American IPA,bottles or cans,13,12760
2019-04-23,Sam,Barrel Aged EIK ZON IPA,bottles or cans,6,12766
2019-04-23,Stacy,Bliss Wheat,bottles or cans,12,12778
2019-04-23,Gabriela,Barrel Aged EIK ZON IPA,draught,6,12784
2019-04-23,Sam,Bliss Wheat,bottles or cans,12,12796
2019-04-23,Gabriela,Barrel Aged EIK ZON IPA,draught,6,12802
2019-04-23,Melissa,10 BLINKS Cheery Saison,bottles or cans,11,12813
2019-04-24,Sam,Barrel Aged EIK ZON IPA,bottles or cans,6,12819
2019-04-24,Stacy,Framboozled,bottles or cans,11,12830
2019-04-24,Melissa,10 BLINKS Cheery Saison,draught,11,12841
2019-04-24,Stacy,Euchre Pilsner,bottles or cans,13,12854
2019-04-24,Stacy,10 BLINKS Cheery Saison,bottles or cans,11,12865
2019-04-24,Stacy,Euchre Pilsner,draught,13,12878
2019-04-24,Melissa,Kick Out The Jam,draught,7,12885
2019-04-25,Sam,Kick Out The Jam,draught,7,12892
2019-04-25,Stacy,Arbor Cheery Cider,draught,8,12900
2019-04-25,Melissa,Barrel Aged EIK ZON IPA,draught,6,12906
2019-04-25,Gabriela,Arbor Cheery Cider,draught,8,12914
2019-04-25,Gabriela,Bliss Wheat,draught,12,12926
2019-04-25,Stacy,10 BLINKS Cheery Saison,bottles or cans,11,12937
2019-04-25,Dave,Bliss Wheat,draught,12,12949
2019-04-25,Gabriela,Euchre Pilsner,draught,13,12962
2019-04-25,Dave,Bollywood Blonde,bottles or cans,10,12972
2019-04-25,Sam,Framboozled,draught,11,12983
2019-04-26,Melissa,Bollywood Blonde,bottles or cans,10,12993
2019-04-26,Stacy,10 BLINKS Cheery Saison,draught,11,13004
2019-04-26,Sam,Framboozled,draught,11,13015
2019-04-26,Stacy,10 BLINKS Cheery Saison,bottles or cans,11,13026
2019-04-26,Stacy,Buzzsaw American IPA,draught,13,13039
2019-04-26,Dave,Framboozled,bottles or cans,11,13050
2019-04-26,Melissa,Cucumber Lime Gose,bottles or cans,13,13063
2019-04-26,Stacy,10 BLINKS Cheery Saison,draught,11,13074
2019-04-26,Gabriela,Arbor Cheery Cider,bottles or cans,8,13082
2019-04-26,Sam,Cucumber Lime Gose,draught,13,13095
2019-04-26,Melissa,Arbor Cheery Cider,draught,8,13103
2019-04-26,Sam,Kick Out The Jam,draught,7,13110
2019-04-26,Sam,Arbor Cheery Cider,bottles or cans,8,13118
2019-04-26,Stacy,Buzzsaw American IPA,bottles or cans,13,13131
2019-04-26,Melissa,Arbor Cheery Cider,bottles or cans,8,13139
2019-04-26,Stacy,Kick Out The Jam,draught,7,13146
2019-04-26,Dave,Framboozled,bottles or cans,11,13157
2019-04-26,Melissa,10 BLINKS Cheery Saison,draught,11,13168
2019-04-27,Stacy,Barrel Aged EIK ZON IPA,draught,6,13174
2019-04-27,Sam,Kick Out The Jam,draught,7,13181
2019-04-27,Gabriela,Bollywood Blonde,bottles or cans,10,13191
2019-04-27,Stacy,Arbor Cheery Cider,draught,8,13199
2019-04-27,Dave,Euchre Pilsner,draught,13,13212
2019-04-27,Gabriela,Framboozled,bottles or cans,11,13223
2019-04-27,Gabriela,Kick Out The Jam,bottles or cans,7,13230
2019-04-27,Gabriela,Buzzsaw American IPA,draught,13,13243
2019-04-27,Sam,Cucumber Lime Gose,bottles or cans,13,13256
2019-04-28,Stacy,10 BLINKS Cheery Saison,bottles or cans,11,13267
2019-04-28,Sam,Buzzsaw American IPA,draught,13,13280
2019-04-28,Melissa,Cucumber Lime Gose,bottles or cans,13,13293
2019-04-28,Melissa,10 BLINKS Cheery Saison,bottles or cans,11,13304
2019-04-28,Dave,Buzzsaw American IPA,bottles or cans,13,13317
2019-04-28,Melissa,Framboozled,bottles or cans,11,13328
2019-04-28,Stacy,Bliss Wheat,draught,12,13340
2019-04-28,Stacy,Kick Out The Jam,bottles or cans,7,13347
2019-04-28,Melissa,Barrel Aged EIK ZON IPA,bottles or cans,6,13353
2019-04-28,Sam,Barrel Aged EIK ZON IPA,draught,6,13359
2019-04-29,Gabriela,Barrel Aged EIK ZON IPA,bottles or cans,6,13365
2019-04-29,Dave,Bollywood Blonde,draught,10,13375
2019-04-29,Melissa,Arbor Cheery Cider,draught,8,13383
2019-04-29,Sam,Bliss Wheat,draught,12,13395
2019-04-29,Gabriela,Cucumber Lime Gose,bottles or cans,13,13408
2019-04-29,Dave,Framboozled,bottles or cans,11,13419
2019-04-29,Melissa,Arbor Cheery Cider,bottles or cans,8,13427
2019-04-29,Dave,Euchre Pilsner,draught,13,13440
2019-04-29,Gabriela,Barrel Aged EIK ZON IPA,draught,6,13446
2019-04-29,Gabriela,Arbor Cheery Cider,draught,8,13454
2019-04-30,Gabriela,Bliss Wheat,draught,12,13466
2019-04-30,Stacy,Cucumber Lime Gose,bottles or cans,13,13479
2019-04-30,Sam,Kick Out The Jam,draught,7,13486
2019-04-30,Stacy,Euchre Pilsner,draught,13,13499
2019-04-30,Dave,Bollywood Blonde,draught,10,13509
2019-04-30,Stacy,Arbor Cheery Cider,bottles or cans,8,13517
2019-04-30,Dave,Arbor Cheery Cider,bottles or cans,8,13525
2019-04-30,Dave,Buzzsaw American IPA,bottles or cans,13,13538
2019-04-30,Gabriela,Cucumber Lime Gose,draught,13,13551
2019-04-30,Melissa,10 BLINKS Cheery Saison,draught,11,13562
2019-04-30,Dave,10 BLINKS Cheery Saison,draught,11,13573
2019-04-30,Dave,Bollywood Blonde,bottles or cans,10,13583
2019-05-01,Dave,Framboozled,bottles or cans,11,13594
2019-05-01,Gabriela,Euchre Pilsner,draught,13,13607
2019-05-01,Sam,Bollywood Blonde,draught,10,13617
2019-05-01,Melissa,10 BLINKS Cheery Saison,draught,11,13628
2019-05-01,Gabriela,Buzzsaw American IPA,bottles or cans,13,13641
2019-05-01,Dave,Framboozled,draught,11,13652
2019-05-01,Dave,Bliss Wheat,bottles or cans,12,13664
2019-05-01,Melissa,Arbor Cheery Cider,bottles or cans,8,13672
2019-05-01,Sam,Barrel Aged EIK ZON IPA,draught,6,13678
2019-05-01,Dave,Bliss Wheat,draught,12,13690
2019-05-02,Dave,Bollywood Blonde,bottles or cans,10,13700
2019-05-02,Dave,Euchre Pilsner,draught,13,13713
2019-05-02,Sam,Arbor Cheery Cider,draught,8,13721
2019-05-02,Gabriela,Cucumber Lime Gose,bottles or cans,13,13734
2019-05-02,Melissa,Cucumber Lime Gose,bottles or cans,13,13747
2019-05-02,Gabriela,Bliss Wheat,draught,12,13759
2019-05-02,Dave,Euchre Pilsner,draught,13,13772
2019-05-02,Sam,Bliss Wheat,draught,12,13784
2019-05-02,Sam,10 BLINKS Cheery Saison,bottles or cans,11,13795
2019-05-02,Gabriela,Framboozled,draught,11,13806
2019-05-02,Gabriela,Arbor Cheery Cider,draught,8,13814
